Creative,Adset,Cluster,GTM,Status,State,Spend
astrosamadhan_track55,astro,astro | (untagged),false,live,HEALTHY,₹0.4L
astrosamadhaan_track55_ranjeetpanwalaxsamadhan_ashulal_veo3_face_ai_05june26_livegen_new_newscript_performance_aniket_ext,astrosamadhaan,astrosamadhaan | (untagged),false,live,TOO_YOUNG,₹0.2L
astrosamadhaan_track55_betikishadisekarzchadha_ashulal_cartoonedit_face_ai_05june26_livegen_new_newscript_performance_aniket_hook2_ext,astrosamadhaan,astrosamadhaan | (untagged),false,paused,TOO_YOUNG,₹0.2L
astrosamadhaan_track55_seekho_paisaruktahai_aixastrologer_testimonial_face_ai_5jun26_pc_new_new_script_agency_pc_ext_mandle_ujjawalxedit_astrology_hook2,astrosamadhaan,astrosamadhaan | (untagged),false,live,TOO_YOUNG,₹0.2L
astrosamadhaan_track55_seekho_kismatbadalni_aixdevta_aiedit_face_ai_5jun26_pc_new_new_script_agency_pc_ext_mandle_nehaxedit_astrology_hook3,astrosamadhaan,astrosamadhaan | (untagged),false,live,TOO_YOUNG,₹0.2L
astrosamadhaan_track55_seekho_profilecheck_aixastrologer_testimonial_face_ai_6jun26_pc_new_new_format_agency_pc_ext_mandle_nehaxedit_astrology_hook3,astrosamadhaan,astrosamadhaan | (untagged),false,live,TOO_YOUNG,₹0.2L
astrosamadhaan_track55_seekho_fakeastrologers_dhawi_testimonialxchores_face_human_6jun26_khandelwal_new_new_script_agency_pc_ext_mandle_nikhilxedit_astrology_hook3,astrosamadhaan,astrosamadhaan | (untagged),false,live,TOO_YOUNG,₹0.2L
astrosamadhaan_track55_seekho_gharmetension _aixasmraunty_closeupxvlog_face_ai_5jun26_pc_new_new_script_agency_pc_ext_mandle_ujjawalxedit_astrology_hook1,astrosamadhaan,astrosamadhaan | (untagged),false,live,TOO_YOUNG,₹0.2L
astrosamadhaan_track55_seekho_fakeastrologers_aixastrologer_testimonial_face_ai_6jun26_pc_new_new_format_agency_pc_ext_mandle_nehaxedit_astrology_hook1,astrosamadhaan,astrosamadhaan | (untagged),false,live,TOO_YOUNG,₹0.1L
astrosamadhaan_track55_karzmuktixdhandhabarbaad_ashulal_cartoonedit_face_ai_04june26_livegen_new_newscript_performance_aniket_ext,astrosamadhaan,astrosamadhaan | (untagged),false,live,TOO_YOUNG,₹0.1L
astrosamadhaan_track55_seekho_breakupkebaad_aixastrologer_testimonial_face_ai_6jun26_pc_new_new_format_agency_pc_ext_mandle_nehaxedit_astrology_hook2,astrosamadhaan,astrosamadhaan | (untagged),false,live,TOO_YOUNG,₹0.1L
astrosamadhaan_track55_pramodkashaantiniwaas162_arun_microdrama_face_ai_30may26_livegen_new_newscript_performance_aniket_hook2_ext,astrosamadhaan,astrosamadhaan | (untagged),false,live,TOO_YOUNG,₹0.1L
astrosamadhaan_track55_seekho_rishtemeladaai_aixasmrgirl_closeupxvlog_face_ai_6jun26_pc_new_new_format_agency_pc_ext_mandle_bhaveshxedit_astrology_hook1,astrosamadhaan,astrosamadhaan | (untagged),false,live,TOO_YOUNG,₹0.1L
astrosamadhaan_track55_seekho_9grahakakaam_aixastrologer_aiedit_animation_ai_4jun26_pc_new_new_script_agency_pc_ext_mandle_ritaxedit_astrology_hook3,astrosamadhaan,astrosamadhaan | (untagged),false,live,TOO_YOUNG,₹0.1L
astrosamadhaan_track55_sahipoojagalatupaay_ashulal_cartoonedit_face_ai_04june26_livegen_new_newscript_performance_aniket_ext,astrosamadhaan,astrosamadhaan | (untagged),false,live,TOO_YOUNG,₹0.1L
astrosamadhaan_track55_shukradashaxrickshawx146_arun_microdrama_face_ai_29may26_livegen_new_newscript_performance_aniket_hook3_ext,astrosamadhaan,astrosamadhaan | (untagged),false,live,TOO_YOUNG,₹0.1L
astrosamadhaan_track55_seekho_jyotishsamazh_aixastrologer_cartoonedit_animation_ai_1jun26_pc_new_new_script_agency_pc_ext_mandle_ritaxedit_astrology_hook1,astrosamadhaan,astrosamadhaan | (untagged),false,live,TOO_YOUNG,₹0.1L
astrosamadhaan_track55_samastipurkaakashxastro_ashulal_cartoonedit_face_ai_04june26_livegen_new_newscript_performance_ram_hook2_ext,astrosamadhaan,astrosamadhaan | (untagged),false,paused,TOO_YOUNG,₹0.1L
astrosamadhaan_track55_90lakhkakarzxrozhanumaanchalisa_ashulal_cartoonedit_face_ai_04june26_livegen_new_newscript_performance_aniket_ext,astrosamadhaan,astrosamadhaan | (untagged),false,live,TOO_YOUNG,₹0.1L
astrosamadhaan_track55_seekho_karznoastrobelief_aixman_talkingobject_animation_ai_4jun26_pc_expansion_exp_format_agency_pc_ext_mandle_ritaxedit_astrology_hook1,astrosamadhaan,astrosamadhaan | (untagged),false,live,TOO_YOUNG,₹0.1L
astrosamadhaan_track55_seekho_mehnatkafal_aixbaba_podcast_face_ai_5jun26_pc_new_new_script_agency_pc_ext_mandle_ujjawalxedit_astrology_hook3,astrosamadhaan,astrosamadhaan | (untagged),false,live,TOO_YOUNG,₹0.1L
astrosamadhaan_track55_munnapainterkarzxwallettalking_ashulal_cartoonedit_face_ai_04june26_livegen_new_newscript_performance_ram_hook2_ext,astrosamadhaan,astrosamadhaan | (untagged),false,paused,TOO_YOUNG,₹0.1L
astrosamadhaan_track55_seekho_mohallekashani_aixshani_cartoon3edit_animation_ai_8jun26_pc_new_new_script_agency_pc_ext_mandle_ritaxedit_astrology_hook3,astrosamadhaan,astrosamadhaan | (untagged),false,live,TOO_YOUNG,₹0.1L
astrosamadhaan_track55_sadshaykaaccicdentxkarzmukti_ashulal_cartoonedit_face_ai_04june26_livegen_new_newscript_performance_aniket_ext,astrosamadhaan,astrosamadhaan | (untagged),false,live,TOO_YOUNG,₹0.1L
astrosamadhaan_track55_seekho_roombanaayepositive_aixtalkingroom_talkingobject_animation_ai_1jun26_pc_new_new_script_agency_pc_ext_mandle_pawanxedit_astrology_hook2,astrosamadhaan,astrosamadhaan | (untagged),false,paused,TOO_YOUNG,₹0.1L
astrosamadhaan_track55_seekho_skeptickarzkachakra_aixman_cartoon3edit_animation_ai_4jun26_pc_new_new_script_agency_pc_ext_mandle_pawanxedit_astrology_hook2,astrosamadhaan,astrosamadhaan | (untagged),false,live,TOO_YOUNG,₹0.1L
astrosamadhaan_track55_laakhokesuitsekarzchadhgaya_ashulal_cartoonedit_face_ai_04june26_livegen_new_newscript_performance_aniket_ext,astrosamadhaan,astrosamadhaan | (untagged),false,live,TOO_YOUNG,₹0.1L
astrosamadhaan_track55_rajubakerywalepekarz_ashulal_cartoonedit_face_ai_04june26_livegen_new_newscript_performance_aniket_hook1_ext,astrosamadhaan,astrosamadhaan | (untagged),false,live,TOO_YOUNG,₹0.1L
astrosamadhaan_track55_seekho_mohallekamangal_aixmangal_cartoon3edit_animation_ai_8jun26_pc_new_new_script_agency_pc_ext_mandle_ritaxedit_astrology_hook1,astrosamadhaan,astrosamadhaan | (untagged),false,live,TOO_YOUNG,₹0.1L
astrosamadhaan_track55_seekho_karznoastrobelief_aixman_talkingobject_animation_ai_4jun26_pc_expansion_exp_format_agency_pc_ext_mandle_ritaxedit_astrology_hook3,astrosamadhaan,astrosamadhaan | (untagged),false,paused,TOO_YOUNG,₹0.1L
astrosamadhaan_track55_salaryaatibachtinahixkarzmukti_ashulal_microdrama_face_ai_05june26_livegen_new_newscript_performance_aniket_ext,astrosamadhaan,astrosamadhaan | (untagged),false,paused,TOO_YOUNG,₹0.1L
astrosamadhaan_track55_karztaleyneendudihuihai_ashulal_cartoonedit_face_ai_05june26_livegen_new_newscript_performance_aniket_hook2_ext,astrosamadhaan,astrosamadhaan | (untagged),false,paused,TOO_YOUNG,₹0.0L
astrosamadhaan_track55_35lakhkakarzxkarzmukti_ashulal_cartoonedit_face_ai_04june26_livegen_new_newscript_performance_aniket_hook4_ext,astrosamadhaan,astrosamadhaan | (untagged),false,live,TOO_YOUNG,₹0.0L
astrosamadhaan_track55_shipmentwalepar35lakhkarz158_arun_microdrama_face_ai_30may26_livegen_new_newscript_performance_aniket_hook1_ext,astrosamadhaan,astrosamadhaan | (untagged),false,live,TOO_YOUNG,₹0.0L
astrosamadhaan_track55_shanidevkasabakxkarz_sumit_veo3_face_ai_06june26_livegen_new_newscript_performance_ram_ext,astrosamadhaan,astrosamadhaan | (untagged),false,live,TOO_YOUNG,₹0.0L
astrosamadhaan_visualhooksxkarzstoryxvaibhavxnewhook2_aixramprasadhalwai_crayonxanimation_7feb_creator_expansion_ujjawalxedit_5_hook2_rework_26may_track55,astrosamadhaan,astrosamadhaan | (untagged),false,live,TOO_YOUNG,₹0.0L
astrosamadhaan_track55_seekho_mehnatkafal_aixbaba_podcast_face_ai_5jun26_pc_new_new_script_agency_pc_ext_mandle_ujjawalxedit_astrology_hook1,astrosamadhaan,astrosamadhaan | (untagged),false,live,TOO_YOUNG,₹0.0L
astrosamadhaan_track55_seekho_9grahakakaam_aixastrologer_aiedit_animation_ai_4jun26_pc_new_new_script_agency_pc_ext_mandle_ritaxedit_astrology_hook1,astrosamadhaan,astrosamadhaan | (untagged),false,live,TOO_YOUNG,₹0.0L
astrosamadhaan_track55_karztaleyneendudihuihai_ashulal_cartoonedit_face_ai_05june26_livegen_new_newscript_performance_aniket_hook1_ext,astrosamadhaan,astrosamadhaan | (untagged),false,paused,TOO_YOUNG,₹0.0L
astrosamadhaan_track55_seekho_gharmetension _aixasmraunty_closeupxvlog_face_ai_5jun26_pc_new_new_script_agency_pc_ext_mandle_ujjawalxedit_astrology_hook2,astrosamadhaan,astrosamadhaan | (untagged),false,paused,TOO_YOUNG,₹0.0L
astrosamadhaan_track55_paisaatahairuktanahi_ashulal_cartoonedit_face_ai_04june26_livegen_new_newscript_performance_aniket_hook2_ext,astrosamadhaan,astrosamadhaan | (untagged),false,live,TOO_YOUNG,₹0.0L
astrosamadhaan_track55_laxmipoojaxhanumanchalisa_ashulal_microdrama_face_ai_08june26_livegen_new_newscript_performance_aniket_ext,astrosamadhaan,astrosamadhaan | (untagged),false,live,TOO_YOUNG,₹0.0L
astrosamadhaan_track55_samekaamalagkamaai_ashulal_microdrama_face_ai_08june26_livegen_new_newscript_performance_ram_hook2_ext,astrosamadhaan,astrosamadhaan | (untagged),false,live,TOO_YOUNG,₹0.0L
astrosamadhaan_track55_seekho_breakupkebaad_aixastrologer_testimonial_face_ai_6jun26_pc_new_new_format_agency_pc_ext_mandle_nehaxedit_astrology_hook3,astrosamadhaan,astrosamadhaan | (untagged),false,live,TOO_YOUNG,₹0.0L
astrosamadhaan_track55_samastipurkaakashxastro_ashulal_cartoonedit_face_ai_04june26_livegen_new_newscript_performance_ram_hook1_ext,astrosamadhaan,astrosamadhaan | (untagged),false,paused,TOO_YOUNG,₹0.0L
astrosamadhaan_track55_samekaamalagkamaai_ashulal_microdrama_face_ai_08june26_livegen_new_newscript_performance_ram_hook1_ext,astrosamadhaan,astrosamadhaan | (untagged),false,live,TOO_YOUNG,₹0.0L
astrosamadhaan_track55_karzmuktixgharparvasoolixreworked_ashulal_microdrama_face_ai_08june26_livegen_new_newscript_performance_ram_hook1_ext,astrosamadhaan,astrosamadhaan | (untagged),false,live,TOO_YOUNG,₹0.0L
astrosamadhaan_track55_abharrfaislasahi_ashulal_cartoonedit_face_ai_08june26_livegen_new_newscript_performance_aniket_hook2_ext,astrosamadhaan,astrosamadhaan | (untagged),false,live,TOO_YOUNG,₹0.0L
astrosamadhaan_track55_seekho_fakeastrologers_dhawi_testimonialxchores_face_human_6jun26_khandelwal_new_new_script_agency_pc_ext_mandle_nikhilxedit_astrology_hook2,astrosamadhaan,astrosamadhaan | (untagged),false,paused,TOO_YOUNG,₹0.0L
astrosamadhaan_track55_sabgrahokarajarahu_arun_microdrama_face_ai_27may26_livegen_new_newscript_performance_aniket_hook2_ext,astrosamadhaan,astrosamadhaan | (untagged),false,live,TOO_YOUNG,₹0.0L
astrosamadhaan_track55_seekho_skeptickarzkachakra_aixman_cartoon3edit_animation_ai_4jun26_pc_new_new_script_agency_pc_ext_mandle_pawanxedit_astrology_hook3,astrosamadhaan,astrosamadhaan | (untagged),false,live,TOO_YOUNG,₹0.0L
astrosamadhaan_track55_seekho_mohallekamangal_aixmangal_cartoon3edit_animation_ai_8jun26_pc_new_new_script_agency_pc_ext_mandle_ritaxedit_astrology_hook2,astrosamadhaan,astrosamadhaan | (untagged),false,live,TOO_YOUNG,₹0.0L
astrosamadhaan_track55_seekho_mohallekashani_aixshani_cartoon3edit_animation_ai_8jun26_pc_new_new_script_agency_pc_ext_mandle_ritaxedit_astrology_hook1,astrosamadhaan,astrosamadhaan | (untagged),false,live,TOO_YOUNG,₹0.0L
astrosamadhaan_track55_karmkiyafallnahixgeeta_ashulal_cartoonedit_face_ai_08june26_livegen_new_newscript_performance_aniket_hook1_ext,astrosamadhaan,astrosamadhaan | (untagged),false,live,TOO_YOUNG,₹0.0L
astrosamadhaan_track55_seekho_karznoastrobelief_aixman_talkingobject_animation_ai_4jun26_pc_expansion_exp_format_agency_pc_ext_mandle_ritaxedit_astrology_hook2,astrosamadhaan,astrosamadhaan | (untagged),false,paused,TOO_YOUNG,₹0.0L
astrosamadhaan_track55_seekho_breakupkebaad_aixastrologer_testimonial_face_ai_6jun26_pc_new_new_format_agency_pc_ext_mandle_nehaxedit_astrology_hook1,astrosamadhaan,astrosamadhaan | (untagged),false,paused,TOO_YOUNG,₹0.0L
astrosamadhaan_track55_sabgrahokarajarahu_arun_microdrama_face_ai_27may26_livegen_new_newscript_performance_aniket_hook3_ext,astrosamadhaan,astrosamadhaan | (untagged),false,live,TOO_YOUNG,₹0.0L
astrosamadhaan_track55_paisaatahairuktanahi_ashulal_cartoonedit_face_ai_04june26_livegen_new_newscript_performance_aniket_hook3_ext,astrosamadhaan,astrosamadhaan | (untagged),false,live,TOO_YOUNG,₹0.0L
astrosamadhaan_track55_karzmuktixgharparvasoolixreworked_ashulal_microdrama_face_ai_08june26_livegen_new_newscript_performance_ram_hook2_ext,astrosamadhaan,astrosamadhaan | (untagged),false,live,TOO_YOUNG,₹0.0L
astrosamadhaan_track55_rajubakerywalepekarz_ashulal_cartoonedit_face_ai_04june26_livegen_new_newscript_performance_aniket_hook2_ext,astrosamadhaan,astrosamadhaan | (untagged),false,paused,TOO_YOUNG,₹0.0L
astrosamadhaan_track55_shukradashaxrickshawx146_arun_microdrama_face_ai_29may26_livegen_new_newscript_performance_aniket_hook1_ext,astrosamadhaan,astrosamadhaan | (untagged),false,paused,TOO_YOUNG,₹0.0L
astrosamadhaan_track55_35lakhkakarzxkarzmukti_ashulal_cartoonedit_face_ai_04june26_livegen_new_newscript_performance_aniket_hook2_ext,astrosamadhaan,astrosamadhaan | (untagged),false,paused,TOO_YOUNG,₹0.0L
astrosamadhaan_track55_pramodkashaantiniwaas162_arun_microdrama_face_ai_30may26_livegen_new_newscript_performance_aniket_hook1_ext,astrosamadhaan,astrosamadhaan | (untagged),false,paused,TOO_YOUNG,₹0.0L
astrosamadhaan_track55_seekho_kismatbadalni_aixdevta_aiedit_face_ai_5jun26_pc_new_new_script_agency_pc_ext_mandle_nehaxedit_astrology_hook2,astrosamadhaan,astrosamadhaan | (untagged),false,paused,TOO_YOUNG,₹0.0L
astrosamadhaan_track55_sabgrahokarajarahu_arun_microdrama_face_ai_27may26_livegen_new_newscript_performance_aniket_hook1_ext,astrosamadhaan,astrosamadhaan | (untagged),false,live,TOO_YOUNG,₹0.0L
astrosamadhaan_track55_karmkiyafallnahixgeeta_ashulal_cartoonedit_face_ai_08june26_livegen_new_newscript_performance_aniket_hook2_ext,astrosamadhaan,astrosamadhaan | (untagged),false,live,TOO_YOUNG,₹0.0L
astrosamadhaan_track55_seekho_mohallekamangal_aixmangal_cartoon3edit_animation_ai_8jun26_pc_new_new_script_agency_pc_ext_mandle_ritaxedit_astrology_hook3,astrosamadhaan,astrosamadhaan | (untagged),false,live,TOO_YOUNG,₹0.0L
astrosamadhaan_track55_seekho_skeptickarzkachakra_aixman_cartoon3edit_animation_ai_4jun26_pc_new_new_script_agency_pc_ext_mandle_pawanxedit_astrology_hook1,astrosamadhaan,astrosamadhaan | (untagged),false,paused,TOO_YOUNG,₹0.0L
astrosamadhaan_track55_shipmentwalepar35lakhkarz158_arun_microdrama_face_ai_30may26_livegen_new_newscript_performance_aniket_hook3_ext,astrosamadhaan,astrosamadhaan | (untagged),false,live,TOO_YOUNG,₹0.0L
biz_meesho_kunalxasmr_circularcutout_12sep_creator_expansion_track36,bau - business (aa),bau - business (aa) | (untagged),false,live,FATIGUED,₹12.9L
biz_track36_seekho_crocskabusiness_face_ai_16may26_editstory_new_newscript_performance_gourav_ext_hook1,bau - business (aa),bau - business (aa) | (untagged),false,live,HEALTHY,₹4.2L
biz_track36_seekho_plasticrecycle_palak_cartoonedit_face_ai_13may26_livegen_new_newscript_performance_aniket_ext,bau - business (aa),bau - business (aa) | (untagged),false,live,HEALTHY,₹3.2L
smallbizideas_saladboxxbiz_rishabh_cartoon3edit_1jan_faceless_expansion_track40_m1_hook2,bau - business (aa),bau - business (aa) | (untagged),false,live,NOT_FATIGUE,₹0.8L
biz_track36_seekho_petrolpumpfranchisexbu115_ashulaal_human_face_ai_28may26_livegen_new_newscript_performance_gourav_ext,bau - business (aa),bau - business (aa) | (untagged),false,live,HEALTHY,₹0.8L
business_beautyparlourxnewstructure_mayuri_testimonial_19feb_creator_expansion_track36_m2 _expansion_anshumali_hook2,bau - business (aa),bau - business (aa) | (untagged),false,live,NOT_FATIGUE,₹0.2L
biz_track36_seekho_murgifarm2xvaibhav_aixmurgi_talkingobject_face_ai_11may26_pc_expansion_exp_format_agency_pc_ext_anshumali_pawanxedit_business_hook1,bau - business (aa),bau - business (aa) | (untagged),false,live,WATCH,₹0.1L
biz_track36_seekho_petrolpumpfranchise_podcast_face_ai_22may26_growzy_new1_newscript_performance_gourav_ext_hook1,bau - business new,bau - business new | (untagged),false,live,HEALTHY,₹2.1L
biz_track36_seekho_generalxbusinessxmachinexbu154_ashulal_veo3_microdrama_cartoon_edit_29may26_livegen_new_newscript_performance_gourav_ext_hook2,bau - business new,bau - business new | (untagged),false,live,HEALTHY,₹1.3L
biz_track36_seekho_priyaxtiffinservicebusiness_suraj_human_face_ai_04june26_livegen_new_newscript_performance_kartik_ext,bau - business new,bau - business new | (untagged),false,live,TOO_YOUNG,₹1.1L
biz_track36_seekho_baltixcrorepati_ujjawal_miniaturehuman_animation_ai_2jun26_pc_new_new_scriptxsubtheme_agency_pc_ext_anshumali_ujjawalxedit_business_hook1,bau - business new,bau - business new | (untagged),false,live,TOO_YOUNG,₹0.3L
business_beautyparlourxnewstructure_raksha_testimonial_21feb_creator_expansion_track36_m1 _expansion_anshumali_hook2_rework_2june,bau - business new,bau - business new | (untagged),false,live,HEALTHY,₹0.2L
biz_track36_seekho_mushroomxkaxbusiness_veo3_cartoon_edir_30may26_livegen_new1_newscript_performance_gourav_ext_hook2,bau - business new,bau - business new | (untagged),false,live,TOO_YOUNG,₹0.1L
biz_track36_seekho_manufacture_ajay_testimonialxsplitscreen_face_human_28apr26_pc_expansion_exp_creatorxformat_agency_pc_ext_anshumali_raghavxedit_business_hook2,bau - business,bau - business | (untagged),false,live,WATCH,₹6.2L
biz_track36_seekho_saladboxxbizxoverallpitch_aixlauki_talkingobject_face_ai_11may26_pc_expansion_exp_format_agency_pc_ext_anshumali_pawanxedit_business_hook2,bau - business,bau - business | (untagged),false,live,HEALTHY,₹4.7L
biz_track36_seekho_thekedar_aixthekedar_cartoonedit73_animation_ai_12may26_pc_expansion_exp_format_agency_pc_ext_anshumali_ritaxedit_business_hook3,bau - business,bau - business | (untagged),false,live,FATIGUED,₹3.7L
business_seekho_beautyparlourxnewstructure_vinal_testimonialxai_face_human_20may26_pc_expansion_exp_script_agency_pc_ext_anshumali_bhaveshxedit_business_hook1_track36_internal_asmr,bau - business,bau - business | (untagged),false,live,HEALTHY,₹3.3L
biz_track36_seekho_teeshazaarmedhandhashuruxbu123_palak_veo3_face_ai_20may26_livegen_new_newscript_performance_gourav_hook3_ext,bau - business,bau - business | (untagged),false,live,WATCH,₹2.6L
smallbizideas_track40_seekho_notebookskabusiness_ashulaal_asmr_face_ai_13may26_livegen_new_newscript_performance_kartik_ext,bau - business,bau - business | (untagged),false,live,HEALTHY,₹2.2L
smallbizideas_dryice_nikhil_uglyedit_13sep_faceless_newtopic_hook3_track40,bau - business,bau - business | (untagged),false,live,FATIGUED,₹1.7L
business_beautyparlourxnewstructure_kaveri_testimonial_21feb_creator_expansion_track36_m1 _expansion_anshumali_hook1_track36,bau - business,bau - business | (untagged),false,live,HEALTHY,₹1.6L
biz_track36_seekho_solarxplatesxcleaningxbusiness1_bhavesh_miniaturehuman_animation_ai_28may26_pc_expansion_exp_format_agency_pc_ext_anshumali_bhaveshxedit_business_hook1,bau - business,bau - business | (untagged),false,live,HEALTHY,₹1.4L
business_gharxsexonlinexkitchenxbusiness_kaveri_testimonialxchores_1apr_creator_expansion_track36_m1 _expansion_anshumali_pc_hook3,bau - business,bau - business | (untagged),false,paused,FATIGUED,₹0.5L
business_thekedar_mahendra_testimonial_31mar_creator_expansion_track36_m1 _expansion_anshumali_pc_hook3,bau - business,bau - business | (untagged),false,live,WATCH,₹0.4L
business_beautyparlourxnewstructure_raksha_movingtestimonial_21jan_creator_expansion_track36_m1_hook2- copy,bau - business,bau - business | (untagged),false,paused,WATCH,₹0.2L
biz_track36_seekho_crocskabusinessxhighprofitxbu85_palak_veo3_face_ai_02may26_livegen_new_newscript_performance_gourav_hook3_ext,bau - business,bau - business | (untagged),false,live,NOT_FATIGUE,₹0.2L
smallbizideas_gobarxexport_aixramdevbaba_stagetalk_7sep_creator_expansion_hook1_track40,bau - business,bau - business | (untagged),false,live,WATCH,₹0.1L
bau_utilisetime_track14_seekho_cookxcloudkitchen_aixirfan_cartoonedit73_animation_ai_7may26_pc_expansion_exp_format_agency_pc_ext_shivam_ritaxedit_pti_hook1,bau,bau | (untagged),false,paused,TOO_YOUNG,₹0.3L
bau_sharemarket1_constructionworkerxearthquake_aixsanjeev_cartoonedit58_7feb_creator_expansion_bhaveshxedit_m5.3_inhouse_track15,bau,bau | (untagged),false,paused,TOO_YOUNG,₹0.2L
bau_sharemarket_track15_seekho_dostnetharlelixmarketbasics_harsh_veo3_face_ai_08may26_livegen_new_newscript_performance_kartik_ext,bau,bau | (untagged),false,paused,TOO_YOUNG,₹0.2L
bau_sharemarket1_harrroz15minutexsharemarketseekho_om_tv_30mar_creator_expansion_m1 _expansion_shivam_pc_track15,bau,bau | (untagged),false,paused,TOO_YOUNG,₹0.2L
bau_finance_timewastexfinance_mix1nov2_asmr2_keshav_adlive_25nov_track12,bau,bau | (untagged),false,paused,TOO_YOUNG,₹0.1L
bau_utilise_protalker_mix19sep7_asmr_21sep_faceless_newtopic_fe_track14,bau,bau | (untagged),false,paused,TOO_YOUNG,₹0.1L
bau_astrosamadhaan_shanixadalat_aixshani_talkingobject_26feb_creator_newtopic_ujjawalxedit_m5.1 _newtopic_shivam_pc_hook3_track55,bau,bau | (untagged),false,paused,TOO_YOUNG,₹0.1L
bau_smallbizideas_dryice_nikhil_uglyedit_13sep_faceless_newtopic_hook3_track40,bau,bau | (untagged),false,paused,TOO_YOUNG,₹0.1L
bau_utilisetime_gareebx2_suraj_wb_7mar_creator_expansion_m1 _expansion_anshumali_aniket_hook1_track14,bau,bau | (untagged),false,paused,TOO_YOUNG,₹0.1L
bau_biz_track36_seekho_thekedar_aixexpert_bobblehead_face_ai_28apr26_pc_expansion_exp_format_agency_pc_ext_anshumali_ujjawalxedit_business_hook3,bau,bau | (untagged),false,paused,TOO_YOUNG,₹0.1L
beautyskills_gheeyabhabhi_newscript_femalepovxvegetablemashup_talkingobject_track353_livegen_veo3_ogcreativesbeauty_vaibhav_24may,beauty skills,beauty skills | (untagged),false,live,TOO_YOUNG,₹1.4L
beautyskills_aurkitnider_newscript_femalepov_talkingobject_track353_livegen_veo3_ogcreativesbeauty_vaibhav_26may,beauty skills,beauty skills | (untagged),false,live,TOO_YOUNG,₹0.1L
beautyskills_tailoringxblousexfitting_newscript_femalepov_cartoonedit_track353_livegen_veo3_ogcreativesbeauty_shreya_8june,beauty skills,beauty skills | (untagged),false,live,TOO_YOUNG,₹0.1L
beautyskills_receptionmaijaanahai_newscript_femalepov_microdrama_ogcreativesbeauty_track353_draco_veo3_harini_7june,beauty skills,beauty skills | (untagged),false,live,TOO_YOUNG,₹0.1L
beautyskills_mohallexmeinxsabxyahixkaanaphoosi_newscript_femalepov_cartooneditxdifferentxtype_ogcreativesbeauty_track353_livegen_veo3_harini_5june,beauty skills,beauty skills | (untagged),false,live,TOO_YOUNG,₹0.0L
beautyskills_silayixkixhai_newscript_femalepov_microdrama_ogcreativesbeauty_track353_livegen_veo3_harini_8june,beauty skills,beauty skills | (untagged),false,live,TOO_YOUNG,₹0.0L
beautyskills_blousefittingservicesilai_femalepov_cartoonedit_ogcreativesbeauty_newscript_track353_veo3_adlive_shreya_23may,beauty skills,beauty skills | (untagged),false,live,TOO_YOUNG,₹0.0L
biz_track36_seekho_aamsekhaasbusinessxbu79_palak_miniature_face_ai_03may26_livegen_new_newscript_performance_gourav_hook1_ext,biz,biz | (untagged),false,paused,HEALTHY,₹0.3L
biz_track36_seekho_manufacture_bhavesh_uglyedit_stockfootage_human_5jun26_pc_expansion_exp_creator_agency_pc_ext_anshumali_bhaveshxedit_business_hook3,biz,biz | (untagged),false,live,TOO_YOUNG,₹0.2L
biz_track36_seekho_hathodaxcrorepati_hathodabiz_uglyedit_stockfootage_human_4jun26_pc_new_new_scriptxsubtheme_agency_pc_ext_anshumali_ujjawalxedit_business_hook3,biz,biz | (untagged),false,paused,TOO_YOUNG,₹0.2L
biz_track36_seekho_petrolpumpfranchise_cartoon_edit_30may26_editstory_new1_newscript_performance_gourav_ext_hook3,biz,biz | (untagged),false,live,TOO_YOUNG,₹0.2L
biz_track36_seekho_gobarxexport_raghavxmuslim_movingtestimonial_face_human_5jun26_pc_expansion_exp_creator_agency_pc_ext_anshumali_raghavxedit_business_hook2,biz,biz | (untagged),false,live,TOO_YOUNG,₹0.2L
biz_track36_seekho_sabunxcrorepati_sabun_uglyedit_stockfootage_human_3jun26_pc_new_new_scriptxsubtheme_agency_pc_ext_anshumali_bhaveshxedit_business_hook1,biz,biz | (untagged),false,paused,TOO_YOUNG,₹0.2L
biz_track36_seekho_moringaxpowderxbusiness_collecting_money_face_ai_02june26_editstory_expansion1_performance_gourav_ext_hook2,biz,biz | (untagged),false,live,TOO_YOUNG,₹0.1L
biz_track36_seekho_petrolpumpfranchise_cartoon_edit_27may26_growzy_new2_newscript_performance_gourav_ext_hook3,biz,biz | (untagged),false,live,TOO_YOUNG,₹0.1L
biz_track36_seekho_beautyparlourxnewstructure_kaveri_testimonialxchores_face_human_5jun26_pc_expansion_exp_format_agency_pc_ext_anshumali_raghavxedit_business_hook2,biz,biz | (untagged),false,live,TOO_YOUNG,₹0.1L
biz_track36_seekho_thekedar_aixthekedar_cartoonedit73_animation_ai_12may26_pc_expansion_exp_format_agency_pc_ext_anshumali_ritaxedit_business_hook2,biz,biz | (untagged),false,paused,HEALTHY,₹0.1L
biz_track36_seekho_wrostexstrategyxgeneralxbusiness_avinash_face2camera_human_ai_04june26_expansion_performance_gourav_ext_hook2,biz,biz | (untagged),false,live,TOO_YOUNG,₹0.1L
biz_track36_seekho_breadxcrorepati_aixbread_talkingobject_animation_ai_6jun26_pc_expansion_exp_format_agency_pc_ext_anshumali_sachinxedit_business_hook3,biz,biz | (untagged),false,live,TOO_YOUNG,₹0.1L
biz_track36_seekho_laundryxvb_aixriya_factoryxcartoonedit_animation_ai_6jun26_pc_expansion_exp_format_agency_pc_ext_anshumali_sachinxedit_business_hook3,biz,biz | (untagged),false,live,TOO_YOUNG,₹0.1L
biz_track36_seekho_driedxprocessedxonions_face_ai_03may26_editstory_new_newscript_performance_gourav_ext_hook2,biz,biz | (untagged),false,live,TOO_YOUNG,₹0.1L
biz_track36_seekho_realinterviewxpanipuri_raghav_realinterview_face_human_29may26_khandelwal_new_new_script_agency_pc_ext_anshumali_raghavxedit_business_hook2_rework_5june,biz,biz | (untagged),false,live,TOO_YOUNG,₹0.1L
biz_track36_seekho_beautyparlourxnewstructure_aixkajal_restaurantxcartoonedit_animation_ai_6jun26_pc_expansion_exp_format_agency_pc_ext_anshumali_sachinxedit_business_hook2,biz,biz | (untagged),false,live,TOO_YOUNG,₹0.1L
biz_track36_seekho_breadxcrorepati_aixbread_talkingobject_animation_ai_6jun26_pc_expansion_exp_format_agency_pc_ext_anshumali_sachinxedit_business_hook1,biz,biz | (untagged),false,live,TOO_YOUNG,₹0.1L
biz_track36_seekho_ironmeshxcrorepati_ironmeshbiz_uglyedit_stockfootage_human_4jun26_pc_new_new_scriptxsubtheme_agency_pc_ext_anshumali_bhaveshxedit_business_hook3,biz,biz | (untagged),false,paused,TOO_YOUNG,₹0.1L
biz_track36_seekho_disposalxmanufacture_aixdisposal_talkingobject_animation_ai_6jun26_pc_expansion_exp_format_agency_pc_ext_anshumali_bhaveshxedit_business_hook2,biz,biz | (untagged),false,live,TOO_YOUNG,₹0.1L
biz_track36_seekho_jioxpetrolxpumpxbusiness_collecting_money_face_ai_02june26_editstory_expansion_performance_gourav_ext,biz,biz | (untagged),false,live,TOO_YOUNG,₹0.1L
biz_track36_seekho_ketchupxcrorepati_ketchupbiz_uglyedit_stockfootage_human_4jun26_pc_new_new_scriptxsubtheme_agency_pc_ext_anshumali_bhaveshxedit_business_hook2,biz,biz | (untagged),false,paused,TOO_YOUNG,₹0.1L
biz_track36_seekho_beautyparlourxnewstructure_shaina_testimonialxchores_face_human_5jun26_pc_expansion_exp_format_agency_pc_ext_anshumali_bhaveshxedit_business_hook2,biz,biz | (untagged),false,live,TOO_YOUNG,₹0.1L
biz_track36_seekho_murgifarm2xvaibhav_aixmurgi_talkingobject_face_ai_11may26_pc_expansion_exp_format_agency_pc_ext_anshumali_pawanxedit_business_hook3,biz,biz | (untagged),false,live,TOO_YOUNG,₹0.1L
biz_track36_seekho_beautyparlourxnewstructure_raksha_testimonialxchores_face_human_5jun26_pc_expansion_exp_format_agency_pc_ext_anshumali_raghavxedit_business_hook3,biz,biz | (untagged),false,live,TOO_YOUNG,₹0.1L
biz_track36_seekho_paperstrawxcrorepati_paperstrawbiz_uglyedit_stockfootage_human_4jun26_pc_new_new_scriptxsubtheme_agency_pc_ext_anshumali_bhaveshxedit_business_hook1,biz,biz | (untagged),false,live,TOO_YOUNG,₹0.1L
biz_track36_seekho_doodhfategaxbiz_aixdoodhwala_miniaturehuman_animation_ai_8jun26_pc_new_new_script_agency_pc_ext_anshumali_ujjawalxedit_business,biz,biz | (untagged),false,live,TOO_YOUNG,₹0.1L
biz_track36_seekho_realinterviewxfruitthela_raghavx2_realinterview_face_human_3jun26_khandelwal_new_new_script_agency_pc_ext_anshumali_raghavxedit_business_hook3,biz,biz | (untagged),false,paused,TOO_YOUNG,₹0.1L
biz_track36_seekho_inulatedwaterjarxbusiness_man_creatorcutout_face_human_4jun26_pc_expansion_exp_format_agency_pc_ext_anshumali_bhaveshxedit_business_hook1,biz,biz | (untagged),false,paused,TOO_YOUNG,₹0.1L
biz_track36_seekho_kapdexcrorepati_kapde_uglyedit_stockfootage_human_3jun26_pc_new_new_scriptxsubtheme_agency_pc_ext_anshumali_bhaveshxedit_business_hook1,biz,biz | (untagged),false,paused,TOO_YOUNG,₹0.1L
biz_track36_seekho_gobarxexport_aixgobar_talkingobject_animation_ai_6jun26_pc_expansion_exp_format_agency_pc_ext_anshumali_utkarshxedit_business_hook2,biz,biz | (untagged),false,live,TOO_YOUNG,₹0.1L
biz_track36_seekho_kapdexcrorepati_kapde_uglyedit_stockfootage_human_3jun26_pc_new_new_scriptxsubtheme_agency_pc_ext_anshumali_bhaveshxedit_business_hook3,biz,biz | (untagged),false,paused,TOO_YOUNG,₹0.1L
biz_track36_seekho_realinterviewxpanipuri_vishwajeet_realinterview_face_human_2jun26_khandelwal_new_new_script_agency_pc_ext_anshumali_bhaveshxedit_business_hook3,biz,biz | (untagged),false,paused,TOO_YOUNG,₹0.1L
biz_track36_seekho_disposalxmanufacture_bhavesh_miniaturehumanxuglyedit_splitscreen_ai_5jun26_pc_expansion_exp_format_agency_pc_ext_anshumali_bhaveshxedit_business_hook1,biz,biz | (untagged),false,live,TOO_YOUNG,₹0.1L
biz_track36_seekho_breadxcrorepati_aixbread_talkingobject_animation_ai_6jun26_pc_expansion_exp_format_agency_pc_ext_anshumali_sachinxedit_business_hook2,biz,biz | (untagged),false,live,TOO_YOUNG,₹0.1L
biz_track36_seekho_ketchupxcrorepati_ketchupbiz_uglyedit_stockfootage_human_4jun26_pc_new_new_scriptxsubtheme_agency_pc_ext_anshumali_bhaveshxedit_business_hook1,biz,biz | (untagged),false,paused,TOO_YOUNG,₹0.1L
biz_track36_seekho_plasticstrawxcrorepati_plasticstrawbiz_uglyedit_stockfootage_human_4jun26_pc_new_new_scriptxsubtheme_agency_pc_ext_anshumali_bhaveshxedit_business_hook3,biz,biz | (untagged),false,paused,TOO_YOUNG,₹0.1L
biz_track36_seekho_hardwaretoolsxcrorepati_hardwarebiz_uglyedit_stockfootage_human_4jun26_pc_new_new_scriptxsubtheme_agency_pc_ext_anshumali_ujjawalxedit_business_hook1,biz,biz | (untagged),false,paused,TOO_YOUNG,₹0.1L
biz_track36_seekho_50hazaarlagakekamaao_palak_minature_face_ai_08june26_livegen_new_newscript_performance_kartik_hook3_ext,biz,biz | (untagged),false,live,TOO_YOUNG,₹0.1L
biz_track36_seekho_beautyparlourxnewstructure_siddhi2_testimonialxchores_face_human_5jun26_pc_expansion_exp_format_agency_pc_ext_anshumali_nikhilxedit_business_hook2,biz,biz | (untagged),false,live,TOO_YOUNG,₹0.1L
biz_track36_seekho_dinme100notebookbanaao_palak_minature_face_ai_08june26_livegen_new_newscript_performance_kartik_hook1_ext,biz,biz | (untagged),false,live,TOO_YOUNG,₹0.1L
biz_track36_seekho_carpenterxfurniturexthekedaar_face_ai_03may26_editstory_new_newscript_performance_gourav_ext_hook2,biz,biz | (untagged),false,live,TOO_YOUNG,₹0.1L
biz_track36_seekho_inulatedwaterjarxbusiness_man_creatorcutout_face_human_4jun26_pc_expansion_exp_format_agency_pc_ext_anshumali_bhaveshxedit_business_hook2,biz,biz | (untagged),false,paused,TOO_YOUNG,₹0.1L
biz_track36_seekho_beautyparlourxnewstructure_aixdoubleheadkajal_microdrama_face_ai_25may26_pc_expansion_exp_format_agency_pc_ext_anshumali_bhaveshxedit_business_hook1,biz,biz | (untagged),false,live,TOO_YOUNG,₹0.1L
biz_track36_seekho_beautyparlourxnewstructure_shaina_testimonialxchores_face_human_5jun26_pc_expansion_exp_format_agency_pc_ext_anshumali_bhaveshxedit_business_hook1,biz,biz | (untagged),false,live,TOO_YOUNG,₹0.1L
biz_track36_seekho_jamxcrorepati_jambiz_uglyedit_stockfootage_human_4jun26_pc_new_new_scriptxsubtheme_agency_pc_ext_anshumali_bhaveshxedit_business_hook3,biz,biz | (untagged),false,paused,TOO_YOUNG,₹0.1L
biz_track36_seekho_custombrandwaterbottle_bhavesh_miniaturehuman_animation_ai_6jun26_pc_expansion_exp_format_agency_pc_ext_anshumali_bhaveshxedit_business,biz,biz | (untagged),false,live,TOO_YOUNG,₹0.1L
biz_track36_seekho_chocolatepackagingkabusiness_palak_veo3_face_ai_08june26_livegen_new_newscript_performance_vyom_hook1_ext,biz,biz | (untagged),false,live,TOO_YOUNG,₹0.1L
biz_track36_seekho_beautyparlourxnewstructure_raksha_testimonialxchores_face_human_5jun26_pc_expansion_exp_format_agency_pc_ext_anshumali_raghavxedit_business_hook2,biz,biz | (untagged),false,live,TOO_YOUNG,₹0.0L
biz_track36_seekho_ironmeshxcrorepati_ironmeshbiz_uglyedit_stockfootage_human_4jun26_pc_new_new_scriptxsubtheme_agency_pc_ext_anshumali_bhaveshxedit_business_hook1,biz,biz | (untagged),false,paused,TOO_YOUNG,₹0.0L
biz_track36_seekho_breadxcrorepati_breadbiz_uglyedit_stockfootage_human_4jun26_pc_new_new_scriptxsubtheme_agency_pc_ext_anshumali_bhaveshxedit_business_hook1,biz,biz | (untagged),false,paused,TOO_YOUNG,₹0.0L
biz_track36_seekho_valuexadditionxgeneralxbusiness_avinash_face2camera_human_ai_04june26_expansion_performance_gourav_ext_hook1,biz,biz | (untagged),false,paused,TOO_YOUNG,₹0.0L
biz_track36_seekho_lakdixcrorepati_lakdibiz_uglyedit_stockfootage_human_4jun26_pc_new_new_scriptxsubtheme_agency_pc_ext_anshumali_bhaveshxedit_business_hook1,biz,biz | (untagged),false,paused,TOO_YOUNG,₹0.0L
biz_track36_seekho_realinterviewxanda_raghav_realinterview_face_human_4jun26_khandelwal_new_new_script_agency_pc_ext_anshumali_raghavxedit_business_hook3,biz,biz | (untagged),false,paused,TOO_YOUNG,₹0.0L
biz_track36_seekho_chocolatepackagingkabusiness_palak_veo3_face_ai_08june26_livegen_new_newscript_performance_vyom_hook2_ext,biz,biz | (untagged),false,live,TOO_YOUNG,₹0.0L
biz_track36_seekho_ramniwaskisaan_palak_veo3_face_ai_08june26_livegen_new_newscript_performance_kartik_hook1_ext,biz,biz | (untagged),false,live,TOO_YOUNG,₹0.0L
biz_track36_seekho_realinterviewxkirana_vishwajeet_realinterview_face_human_30may26_khandelwal_new_new_script_agency_pc_ext_anshumali_bhaveshxedit_business_hook2,biz,biz | (untagged),false,live,TOO_YOUNG,₹0.0L
biz_track36_seekho_mushroomxkaxbusiness_veo3_cartoon_edir_30may26_livegen_new1_newscript_performance_gourav_ext_hook1,biz,biz | (untagged),false,live,TOO_YOUNG,₹0.0L
biz_track36_seekho_jioxpetrolxpumpxbusiness_collecting_money_face_ai_02june26_editstory_expansion_performance_gourav_ext_hook1,biz,biz | (untagged),false,live,TOO_YOUNG,₹0.0L
biz_track36_seekho_parlourkabusinessdoublexonline_palak_veo3_face_ai_08june26_livegen_new_newscript_performance_kartik_ext,biz,biz | (untagged),false,live,TOO_YOUNG,₹0.0L
biz_track36_seekho_petrolpumpfranchise_cartoon_edit_27may26_growzy_new2_newscript_performance_gourav_ext_hook1,biz,biz | (untagged),false,live,TOO_YOUNG,₹0.0L
biz_track36_seekho_autoxdroppshipping_testimony_face_ai_05june26_editstory_new_newscript_performance_gourav_ext_hook1,biz,biz | (untagged),false,live,TOO_YOUNG,₹0.0L
biz_track36_seekho_madhumakkhixpalan_face_ai_03june26_editstory_new_newscript_performance_gourav_ext_hook1,biz,biz | (untagged),false,live,TOO_YOUNG,₹0.0L
biz_track36_seekho_gobarxexport_aixcow_talkingobject_animation_ai_6jun26_pc_expansion_exp_format_agency_pc_ext_anshumali_sachinxedit_business_hook3,biz,biz | (untagged),false,live,TOO_YOUNG,₹0.0L
biz_track36_seekho_autoxdroppshipping_whatnot2do_face_ai_05june26_editstory_new_newscript_performance_gourav_ext_hook1,biz,biz | (untagged),false,live,TOO_YOUNG,₹0.0L
biz_track36_seekho_beautyparlourxnewstructure_aixdoubleheadkajal_microdrama_face_ai_25may26_pc_expansion_exp_format_agency_pc_ext_anshumali_bhaveshxedit_business_hook3,biz,biz | (untagged),false,live,TOO_YOUNG,₹0.0L
biz_track36_seekho_valuexadditionxgeneralxbusiness_avinash_face2camera_human_ai_04june26_expansion_performance_gourav_ext_hook3,biz,biz | (untagged),false,live,TOO_YOUNG,₹0.0L
biz_track36_seekho_evstationxvb_nikhil_podcast_face_human_6jun26_pc_expansion_exp_format_agency_pc_ext_anshumali_nikhilxedit_business_hook1,biz,biz | (untagged),false,live,TOO_YOUNG,₹0.0L
biz_track36_kekadaxpalan_tetimony_face_ai_05june26_editstory_new_newscript_performance_gourav_ext_hook1,biz,biz | (untagged),false,live,TOO_YOUNG,₹0.0L
biz_track36_seekho_gobarxexport_aixcow_talkingobject_animation_ai_6jun26_pc_expansion_exp_format_agency_pc_ext_anshumali_sachinxedit_business_hook2,biz,biz | (untagged),false,live,TOO_YOUNG,₹0.0L
biz_track36_seekho_breadxcrorepati_breadbiz_uglyedit_stockfootage_human_4jun26_pc_new_new_scriptxsubtheme_agency_pc_ext_anshumali_bhaveshxedit_business_hook3,biz,biz | (untagged),false,paused,TOO_YOUNG,₹0.0L
biz_track36_seekho_realinterviewxpanipuri_vishwajeet_realinterview_face_human_2jun26_khandelwal_new_new_script_agency_pc_ext_anshumali_bhaveshxedit_business_hook1,biz,biz | (untagged),false,paused,TOO_YOUNG,₹0.0L
biz_track36_seekho_inulatedwaterjarxbusiness_man_creatorcutout_face_human_4jun26_pc_expansion_exp_format_agency_pc_ext_anshumali_bhaveshxedit_business_hook3,biz,biz | (untagged),false,paused,TOO_YOUNG,₹0.0L
biz_track36_seekho_realinterviewxpanipuri_raghav_realinterview_face_human_29may26_khandelwal_new_new_script_agency_pc_ext_anshumali_raghavxedit_business_hook3_rework_5june,biz,biz | (untagged),false,paused,TOO_YOUNG,₹0.0L
biz_track36_seekho_crocskabusiness_face_ai_16may26_editstory_new_newscript_performance_gourav_ext_hook2,biz,biz | (untagged),false,live,TOO_YOUNG,₹0.0L
biz_track36_seekho_beautyparlourxnewstructure_shaina_testimonialxchores_face_human_5jun26_pc_expansion_exp_format_agency_pc_ext_anshumali_bhaveshxedit_business_hook3,biz,biz | (untagged),false,paused,TOO_YOUNG,₹0.0L
biz_track36_seekho_lowcibiloan_vinal_testimonialxchores_face_human_6jun26_khandelwal_expansion_exp_format_agency_pc_ext_anshumali_bhaveshxedit_business_hook1,biz,biz | (untagged),false,live,TOO_YOUNG,₹0.0L
biz_track36_seekho_lakdixcrorepati_lakdibiz_uglyedit_stockfootage_human_4jun26_pc_new_new_scriptxsubtheme_agency_pc_ext_anshumali_bhaveshxedit_business_hook3,biz,biz | (untagged),false,paused,TOO_YOUNG,₹0.0L
biz_track36_kekadaxpalan_tetimony_face_ai_05june26_editstory_new_newscript_performance_gourav_ext_hook4,biz,biz | (untagged),false,live,TOO_YOUNG,₹0.0L
biz_track36_seekho_realinterviewxkirana_raghav_realinterview_face_human_1jun26_khandelwal_new_new_script_agency_pc_ext_anshumali_raghav xedit_business_hook3,biz,biz | (untagged),false,paused,TOO_YOUNG,₹0.0L
biz_track36_seekho_lowcibiloan_vinal_testimonialxchores_face_human_6jun26_khandelwal_expansion_exp_format_agency_pc_ext_anshumali_bhaveshxedit_business_hook3,biz,biz | (untagged),false,live,TOO_YOUNG,₹0.0L
biz_track36_seekho_disposalxmanufacture_aixdisposal_talkingobject_animation_ai_6jun26_pc_expansion_exp_format_agency_pc_ext_anshumali_bhaveshxedit_business_hook3,biz,biz | (untagged),false,live,TOO_YOUNG,₹0.0L
biz_track36_seekho_realinterviewxfruitthela_raghavx2_realinterview_face_human_3jun26_khandelwal_new_new_script_agency_pc_ext_anshumali_raghavxedit_business_hook1,biz,biz | (untagged),false,paused,TOO_YOUNG,₹0.0L
biz_track36_seekho_driedxprocessedxonions_face_ai_03may26_editstory_new_newscript_performance_gourav_ext_hook3,biz,biz | (untagged),false,paused,TOO_YOUNG,₹0.0L
biz_track36_seekho_evstationxvb_nikhil_podcast_face_human_6jun26_pc_expansion_exp_format_agency_pc_ext_anshumali_nikhilxedit_business_hook2,biz,biz | (untagged),false,live,TOO_YOUNG,₹0.0L
biz_track36_seekho_hardwaretoolsxcrorepati_hardwarebiz_uglyedit_stockfootage_human_4jun26_pc_new_new_scriptxsubtheme_agency_pc_ext_anshumali_ujjawalxedit_business_hook3,biz,biz | (untagged),false,paused,TOO_YOUNG,₹0.0L
biz_track36_seekho_autoxdroppshipping_whatnot2do_face_ai_05june26_editstory_new_newscript_performance_gourav_ext_hook2,biz,biz | (untagged),false,live,TOO_YOUNG,₹0.0L
biz_track36_seekho_murgifarm2xvaibhav_aixmurgi_talkingobject_face_ai_11may26_pc_expansion_exp_format_agency_pc_ext_anshumali_pawanxedit_business_hook2,biz,biz | (untagged),false,live,TOO_YOUNG,₹0.0L
biz_track36_seekho_carpenterxfurniturexthekedaar_collecting_money_face_ai_04may26_editstory_new_newscript_performance_gourav_ext_hook1,biz,biz | (untagged),false,live,TOO_YOUNG,₹0.0L
biz_track36_seekho_driedxprocessedxonions_face_ai_03may26_editstory_new_newscript_performance_gourav_ext_hook1,biz,biz | (untagged),false,paused,TOO_YOUNG,₹0.0L
biz_track36_seekho_realinterviewxmaggie_raghav_realinterview_face_human_4jun26_khandelwal_new_new_script_agency_pc_ext_anshumali_raghavxedit_business_hook2,biz,biz | (untagged),false,paused,TOO_YOUNG,₹0.0L
biz_track36_seekho_laundryxvb_aixriya_factoryxcartoonedit_animation_ai_6jun26_pc_expansion_exp_format_agency_pc_ext_anshumali_sachinxedit_business_hook2,biz,biz | (untagged),false,paused,TOO_YOUNG,₹0.0L
biz_track36_seekho_realinterviewxkirana_vishwajeet_realinterview_face_human_30may26_khandelwal_new_new_script_agency_pc_ext_anshumali_bhaveshxedit_business_hook1,biz,biz | (untagged),false,live,TOO_YOUNG,₹0.0L
biz_track36_seekho_realinterviewxkirana_raghav_realinterview_face_human_1jun26_khandelwal_new_new_script_agency_pc_ext_anshumali_raghav xedit_business_hook1,biz,biz | (untagged),false,live,TOO_YOUNG,₹0.0L
biz_track36_seekho_vermicompost_face_ai_03june26_editstory_new_newscript_performance_gourav_ext_hook1,biz,biz | (untagged),false,live,TOO_YOUNG,₹0.0L
biz_track36_seekho_evstationxvb_nikhil_podcast_face_human_6jun26_pc_expansion_exp_format_agency_pc_ext_anshumali_nikhilxedit_business_hook3,biz,biz | (untagged),false,paused,TOO_YOUNG,₹0.0L
biz_track36_seekho_autoxdroppshipping_testimony_face_ai_05june26_editstory_new_newscript_performance_gourav_ext_hook2,biz,biz | (untagged),false,live,TOO_YOUNG,₹0.0L
biz_track36_seekho_beautyparlourxnewstructure_aixkajal_restaurantxcartoonedit_animation_ai_6jun26_pc_expansion_exp_format_agency_pc_ext_anshumali_sachinxedit_business_hook1,biz,biz | (untagged),false,paused,TOO_YOUNG,₹0.0L
biz_track36_seekho_madhumakkhixpalan_face_ai_03june26_editstory_new_newscript_performance_gourav_ext_hook2,biz,biz | (untagged),false,paused,TOO_YOUNG,₹0.0L
biz_track36_seekho_ramniwaskisaan_palak_veo3_face_ai_08june26_livegen_new_newscript_performance_kartik_hook3_ext,biz,biz | (untagged),false,live,TOO_YOUNG,₹0.0L
biz_track36_seekho_beautyparlourxnewstructure_kaveri_testimonialxchores_face_human_5jun26_pc_expansion_exp_format_agency_pc_ext_anshumali_raghavxedit_business_hook1,biz,biz | (untagged),false,paused,TOO_YOUNG,₹0.0L
biz_track36_kekadaxpalan_tetimony_face_ai_05june26_editstory_new_newscript_performance_gourav_ext_hook3,biz,biz | (untagged),false,live,TOO_YOUNG,₹0.0L
biz_track36_seekho_carpenterxfurniturexthekedaar_collecting_money_face_ai_04may26_editstory_new_newscript_performance_gourav_ext_hook2,biz,biz | (untagged),false,live,TOO_YOUNG,₹0.0L
biz_track36_seekho_gobarxexport_aixgobar_talkingobject_animation_ai_6jun26_pc_expansion_exp_format_agency_pc_ext_anshumali_utkarshxedit_business_hook3,biz,biz | (untagged),false,paused,TOO_YOUNG,₹0.0L
biz_track36_seekho_realinterviewxfruitthela_raghavx2_realinterview_face_human_3jun26_khandelwal_new_new_script_agency_pc_ext_anshumali_raghavxedit_business_hook2,biz,biz | (untagged),false,paused,TOO_YOUNG,₹0.0L
biz_track36_seekho_plasticstrawxcrorepati_plasticstrawbiz_uglyedit_stockfootage_human_4jun26_pc_new_new_scriptxsubtheme_agency_pc_ext_anshumali_bhaveshxedit_business_hook1,biz,biz | (untagged),false,paused,TOO_YOUNG,₹0.0L
biz_track36_seekho_ramniwaskisaan_palak_veo3_face_ai_08june26_livegen_new_newscript_performance_kartik_hook2_ext,biz,biz | (untagged),false,live,TOO_YOUNG,₹0.0L
biz_track36_seekho_dinme100notebookbanaao_palak_minature_face_ai_08june26_livegen_new_newscript_performance_kartik_hook3_ext,biz,biz | (untagged),false,live,TOO_YOUNG,₹0.0L
biz_track36_seekho_beautyparlourxnewstructure_raksha_testimonialxchores_face_human_5jun26_pc_expansion_exp_format_agency_pc_ext_anshumali_raghavxedit_business_hook1,biz,biz | (untagged),false,paused,TOO_YOUNG,₹0.0L
biz_track36_seekho_autoxdroppshipping_whatnot2do_face_ai_05june26_editstory_new_newscript_performance_gourav_ext_hook3,biz,biz | (untagged),false,live,TOO_YOUNG,₹0.0L
biz_track36_seekho_disposalxmanufacture_aixdisposal_talkingobject_animation_ai_6jun26_pc_expansion_exp_format_agency_pc_ext_anshumali_bhaveshxedit_business_hook1,biz,biz | (untagged),false,paused,TOO_YOUNG,₹0.0L
biz_track36_seekho_beautyparlourxnewstructure_siddhi2_testimonialxchores_face_human_5jun26_pc_expansion_exp_format_agency_pc_ext_anshumali_nikhilxedit_business_hook1,biz,biz | (untagged),false,paused,TOO_YOUNG,₹0.0L
biz_track36_seekho_crocskabusiness_face_ai_16may26_editstory_new_newscript_performance_gourav_ext_hook3,biz,biz | (untagged),false,live,TOO_YOUNG,₹0.0L
biz_track36_seekho_valuexadditionxgeneralxbusiness_avinash_face2camera_human_ai_04june26_expansion_performance_gourav_ext_hook2,biz,biz | (untagged),false,paused,TOO_YOUNG,₹0.0L
biz_track36_seekho_jamxcrorepati_jambiz_uglyedit_stockfootage_human_4jun26_pc_new_new_scriptxsubtheme_agency_pc_ext_anshumali_bhaveshxedit_business_hook2,biz,biz | (untagged),false,paused,TOO_YOUNG,₹0.0L
business catalogue ads,business catalogue adset,business catalogue adset | (untagged),false,live,NOT_FATIGUE,₹14.8L
business_track36,business,business | (untagged),false,live,HEALTHY,₹0.5L
careergrowthtips_track53_lohapighlanewalaxcareergrowth_sandip_microdrama_face_ai_05june26_livegen_new_newscript_performance_aniket_ext,careergrowthtips,careergrowthtips | (untagged),false,paused,TOO_YOUNG,₹0.2L
careergrowthtips_track53_carrermetezilaaoxgrowthtips_sandip_microdrama_face_ai_05june26_livegen_new_newscript_performance_aniket_ext,careergrowthtips,careergrowthtips | (untagged),false,paused,TOO_YOUNG,₹0.2L
careergrowthtips_track53_emergencyfundxrozseekho_ashulal_veo3_face_ai_08june26_livegen_new_newscript_performance_aniket_ext,careergrowthtips,careergrowthtips | (untagged),false,live,TOO_YOUNG,₹0.1L
careergrowthtips_track53_papasebolaxemergencyfund_ashulal_veo3_face_ai_08june26_livegen_new_newscript_performance_aniket_ext,careergrowthtips,careergrowthtips | (untagged),false,live,TOO_YOUNG,₹0.1L
careergrowthtips_track53_seekho_bosskigaali_aixemployee_papercutxcartoonedit_animation_ai_5jun26_pc_new_new_script_agency_pc_ext_anshumali_pawanxedit_career_hook2,careergrowthtips,careergrowthtips | (untagged),false,live,TOO_YOUNG,₹0.1L
careergrowthtips_track53_seekho_bosskigaali_aixemployee_papercutxcartoonedit_animation_ai_5jun26_pc_new_new_script_agency_pc_ext_anshumali_pawanxedit_career_hook3,careergrowthtips,careergrowthtips | (untagged),false,live,TOO_YOUNG,₹0.0L
careergrowthtips_track53_seekho_bosskigaali_aixemployee_papercutxcartoonedit_animation_ai_5jun26_pc_new_new_script_agency_pc_ext_anshumali_pawanxedit_career_hook1,careergrowthtips,careergrowthtips | (untagged),false,paused,TOO_YOUNG,₹0.0L
careergrowthtips100_track280_seekho_careervsjob_nikhil_printeda4_faceless_human_3jun26_pc_new_new_script_agency_pc_ext_anshumali_nikhilxedit_career_hook2,careergrowthtips100,careergrowthtips100 | (untagged),false,paused,TOO_YOUNG,₹0.1L
smallbizideas_plasticrecyclexvisualhook_rishabh_proedit_12nov_faceless_expansion_track40_m6.2_hook1,decoy 3,decoy 3 | (untagged),false,paused,BELOW_SPEND_FLOOR,₹0.0L
diy_track117_seekho_silaaisidesekamaai_sandip_veo3_face_ai_05june26_livegen_new_newscript_performance_aniket_ext,diy,diy | (untagged),false,paused,TOO_YOUNG,₹0.2L
diy_track117_seekho_saafdukaanxsamedealerxorganiseshop_arun_cartoonedit_face_ai_24may26_livegen_new_newscript_performance_aniket,diy,diy | (untagged),false,live,HEALTHY,₹0.2L
diy_track117_seekho_refrigeratorxkitchenorganise_arun_veo3_face_ai_29may26_livegen_new_newscript_performance_aniket_ext,diy,diy | (untagged),false,live,TOO_YOUNG,₹0.1L
diy_track117_seekho_gharsaafnahitokyahai_arun_microdrama_face_ai_29may26_livegen_new_newscript_performance_aniket_ext,diy,diy | (untagged),false,live,TOO_YOUNG,₹0.1L
diy_track117_seekho_saafsafaixmicrodrama_aixicecream_talkingobject_animation_ai_6jun26_pc_expansion_exp_format_agency_pc_ext_shivam_ritaxedit_diy_hook3,diy,diy | (untagged),false,live,TOO_YOUNG,₹0.1L
diy_track117_seekho_dobaccheaurgharkakaam_sandip_veo3_face_ai_06june26_livegen_new_newscript_performance_ashish_hook2_ext,diy,diy | (untagged),false,live,TOO_YOUNG,₹0.1L
diy_track117_seekho_smartxhomemaker_aixicecream_talkingobject_animation_ai_5jun26_pc_expansion_exp_format_agency_pc_ext_shivam_pawanxedit_diy_hook1,diy,diy | (untagged),false,live,TOO_YOUNG,₹0.1L
diy_track117_seekho_smartxhomemaker_aixsuman_persepolisxcartoonedit_animation_ai_4jun26_pc_expansion_exp_format_agency_pc_ext_shivam_pawanxedit_diy_hook1,diy,diy | (untagged),false,live,TOO_YOUNG,₹0.1L
diy_track117_seekho_homecleaninghack_kaverixraksha_skit_face_human_3jun26_khandelwal_new_new_format_agency_pc_ext_shivam_raghavxedit_diy_hook3,diy,diy | (untagged),false,paused,TOO_YOUNG,₹0.1L
diy_track117_seekho_organisehomexdiy_aixsunita_persepolisxcartoonedit_animation_ai_4jun26_pc_expansion_exp_format_agency_pc_ext_shivam_pawanxedit_diy_hook3,diy,diy | (untagged),false,live,TOO_YOUNG,₹0.1L
diy_track117_seekho_almirahorganise_palak_veo3_face_ai_08june26_livegen_new_newscript_performance_kartik_ext,diy,diy | (untagged),false,live,TOO_YOUNG,₹0.1L
diy_track117_seekho_organisehomexdiy_aixsunita_cartoonedit94_animation_ai_6jun26_pc_expansion_exp_format_agency_pc_ext_shivam_ritaxedit_diy_hook2,diy,diy | (untagged),false,live,TOO_YOUNG,₹0.1L
diy_track117_seekho_aadhiraatemergencyxtailoringkakaam_sandip_minature_face_ai_05june26_livegen_new_newscript_performance_aniket_ext,diy,diy | (untagged),false,paused,TOO_YOUNG,₹0.1L
diy_track117_seekho_smartxhomemaker_aixsuman_cartoonedit94_animation_ai_6jun26_pc_expansion_exp_format_agency_pc_ext_shivam_ritaxedit_diy_hook1,diy,diy | (untagged),false,live,TOO_YOUNG,₹0.1L
diy_track117_seekho_sandeeptransportofficexdoublefaced_ashulaal_microdrama_face_ai_08june26_livegen_new_newscript_performance_kartik_ext,diy,diy | (untagged),false,live,TOO_YOUNG,₹0.1L
diy_track117_seekho_komalkitchenxcupfaced_sandip_microdrama_face_ai_08june26_livegen_new_newscript_performance_kartik_ext,diy,diy | (untagged),false,live,TOO_YOUNG,₹0.1L
diy_track117_seekho_khudkopehchannamushkil_palak_human_face_ai_08june26_livegen_new_newscript_performance_kartik_ext,diy,diy | (untagged),false,live,TOO_YOUNG,₹0.0L
diy_track117_seekho_homecleaninghack_kaverixraksha_skit_face_human_3jun26_khandelwal_new_new_format_agency_pc_ext_shivam_raghavxedit_diy_hook2,diy,diy | (untagged),false,paused,TOO_YOUNG,₹0.0L
diy_saafsafaixmicrodrama_aixkamla_cartoonedit39_20feb_creator_expansion_pawan xedit_m1 _expansion_shivam_hook3_track117,diy,diy | (untagged),false,live,TOO_YOUNG,₹0.0L
diy_saafsafaixmicrodramaxhometourxyt_rishabh_cartoon2edit_15jan_faceless_newtopic_m5.2_hook2_rework_31jan_track117,diy,diy | (untagged),false,live,TOO_YOUNG,₹0.0L
diy_track117_seekho_smartxhomemaker_aixicecream_talkingobject_animation_ai_5jun26_pc_expansion_exp_format_agency_pc_ext_shivam_pawanxedit_diy_hook3,diy,diy | (untagged),false,live,TOO_YOUNG,₹0.0L
diy_track117_seekho_smartxhomemaker_aixsuman_cartoonedit94_animation_ai_6jun26_pc_expansion_exp_format_agency_pc_ext_shivam_ritaxedit_diy_hook3,diy,diy | (untagged),false,live,TOO_YOUNG,₹0.0L
diy_track117_seekho_dobaccheaurgharkakaam_sandip_veo3_face_ai_06june26_livegen_new_newscript_performance_ashish_hook3_ext,diy,diy | (untagged),false,paused,TOO_YOUNG,₹0.0L
diy_track117_seekho_kamlakaroomxmessyxdoublefaced_palak_microdrama_face_ai_08june26_livegen_new_newscript_performance_kartik_ext,diy,diy | (untagged),false,live,TOO_YOUNG,₹0.0L
diy_track117_seekho_kitchenorganisekaroxfridge_palak_veo3_face_ai_08june26_livegen_new_newscript_performance_kartik_ext,diy,diy | (untagged),false,live,TOO_YOUNG,₹0.0L
diy_track117_seekho_smartxhomemaker_aixsuman_persepolisxcartoonedit_animation_ai_4jun26_pc_expansion_exp_format_agency_pc_ext_shivam_pawanxedit_diy_hook3,diy,diy | (untagged),false,live,TOO_YOUNG,₹0.0L
diy_track117_seekho_prernamodelxvegetableedit_palak_cartoonedit_face_ai_08june26_livegen_new_newscript_performance_kartik_ext,diy,diy | (untagged),false,live,TOO_YOUNG,₹0.0L
diy_track117_seekho_kamlakaroomxmessyxcupfaced_palak_microdrama_face_ai_08june26_livegen_new_newscript_performance_kartik_ext,diy,diy | (untagged),false,live,TOO_YOUNG,₹0.0L
diy_track117_seekho_55kiloweightxpregnancy_palak_human_face_ai_08june26_livegen_new_newscript_performance_kartik_ext,diy,diy | (untagged),false,live,TOO_YOUNG,₹0.0L
diy_track117_seekho_dobacchedotiffin_sandip_cartoonedit_face_ai_08june26_livegen_new_newscript_performance_kartik_ext,diy,diy | (untagged),false,live,TOO_YOUNG,₹0.0L
diy_track117_seekho_kitchenshelforganisexstorage_palak_veo3_face_ai_08june26_livegen_new_newscript_performance_kartik_ext,diy,diy | (untagged),false,live,TOO_YOUNG,₹0.0L
diy_track117_seekho_saafsafaixmicrodrama_aixicecream_talkingobject_animation_ai_6jun26_pc_expansion_exp_format_agency_pc_ext_shivam_ritaxedit_diy_hook1,diy,diy | (untagged),false,live,TOO_YOUNG,₹0.0L
diy_track117_seekho_dobaccheaurgharkakaam_sandip_veo3_face_ai_06june26_livegen_new_newscript_performance_ashish_hook1_ext,diy,diy | (untagged),false,paused,TOO_YOUNG,₹0.0L
diy_track117_seekho_teeschaleeskihuxgharmessy_palak_microdrama_face_ai_08june26_livegen_new_newscript_performance_kartik_hook1_ext,diy,diy | (untagged),false,live,TOO_YOUNG,₹0.0L
diy_track117_seekho_gharnahisambhalta_palak_cartoonedit_face_ai_08june26_livegen_new_newscript_performance_kartik_hook3_ext,diy,diy | (untagged),false,live,TOO_YOUNG,₹0.0L
diy_track117_seekho_teeschaleeskihuxgharmessy_palak_microdrama_face_ai_08june26_livegen_new_newscript_performance_kartik_hook3_ext,diy,diy | (untagged),false,live,TOO_YOUNG,₹0.0L
diy_track117_seekho_organisehomexdiy_aixsunita_cartoonedit94_animation_ai_6jun26_pc_expansion_exp_format_agency_pc_ext_shivam_ritaxedit_diy_hook3,diy,diy | (untagged),false,paused,TOO_YOUNG,₹0.0L
diy_track117_seekho_gharnahisambhalta_palak_cartoonedit_face_ai_08june26_livegen_new_newscript_performance_kartik_hook1_ext,diy,diy | (untagged),false,live,TOO_YOUNG,₹0.0L
diy_track117_seekho_organisehomexdiy_aixsunita_persepolisxcartoonedit_animation_ai_4jun26_pc_expansion_exp_format_agency_pc_ext_shivam_pawanxedit_diy_hook2,diy,diy | (untagged),false,live,TOO_YOUNG,₹0.0L
diy_track117_seekho_saafsafaixmicrodrama_aixicecream_talkingobject_animation_ai_6jun26_pc_expansion_exp_format_agency_pc_ext_shivam_ritaxedit_diy_hook2,diy,diy | (untagged),false,paused,TOO_YOUNG,₹0.0L
diy_track117_seekho_smartxhomemaker_aixsuman_persepolisxcartoonedit_animation_ai_4jun26_pc_expansion_exp_format_agency_pc_ext_shivam_pawanxedit_diy_hook2,diy,diy | (untagged),false,paused,TOO_YOUNG,₹0.0L
diy_track117_seekho_smartxhomemaker_aixsuman_cartoonedit94_animation_ai_6jun26_pc_expansion_exp_format_agency_pc_ext_shivam_ritaxedit_diy_hook2,diy,diy | (untagged),false,paused,TOO_YOUNG,₹0.0L
diy_track117_seekho_organisehomexdiy_aixsunita_cartoonedit94_animation_ai_6jun26_pc_expansion_exp_format_agency_pc_ext_shivam_ritaxedit_diy_hook1,diy,diy | (untagged),false,live,TOO_YOUNG,₹0.0L
engdaily_track67_seekho_englishmediumzarurinahi_arun_microdrama_face_ai_04june26_livegen_new_newscript_performance_akshat_ext,engdaily,engdaily | (untagged),false,paused,TOO_YOUNG,₹0.0L
engdaily_track67_seekho_abtextbookdekhkarenglishkizaruratnahi_arun_veo3_face_ai_04june26_livegen_new_newscript_performance_akshat_ext,engdaily,engdaily | (untagged),false,paused,TOO_YOUNG,₹0.0L
facebook_track153_seekho_wronghabitsxfb_nikhil_splitxipadpov_splitscreen_human_6may26_pc_new_new_script_agency_pc_ext_shivam_nikhilxedit_facebook_hook3_rework_8june,facebook,facebook | (untagged),false,live,TOO_YOUNG,₹0.0L
facebook_track153_seekho_wronghabitsxfb_nikhil_splitxipadpov_splitscreen_human_6may26_pc_new_new_script_agency_pc_ext_shivam_nikhilxedit_facebook_hook1_rework_8june,facebook,facebook | (untagged),false,live,TOO_YOUNG,₹0.0L
facebook_track153_seekho_wronghabitsxfb_nikhil_splitxipadpov_splitscreen_human_6may26_pc_new_new_script_agency_pc_ext_shivam_nikhilxedit_facebook_hook2_rework_8june,facebook,facebook | (untagged),false,live,TOO_YOUNG,₹0.0L
finance_track12,finance,finance | (untagged),false,live,WATCH,₹1.8L
finance_emioverduexgoodscore_ajay_panchayat_26mar_creator_expansion_m5.3 _newtopic_anshumali_priyansh_hook3_track12,finance,finance | (untagged),false,live,NOT_FATIGUE,₹0.4L
finance_3000dailyxemergencycrisisxfinance_aixtruck_interview_11feb_creator_expansion_bhaveshxedit_m11_hook1_track12,finance,finance | (untagged),false,live,HEALTHY,₹0.3L
finance_timewastexfinance_mix1janxasmrexp_asmr_1jan_faceless_expansion_m1_asmrexp_hook1_track12,finance,finance | (untagged),false,paused,NOT_FATIGUE,₹0.3L
finance_graeebgharxshaadixptixoverallpitchxfinance_bhavesh_cartoon2edit_17jan_faceless_exitsolve_m7.3_hook1_track12,finance,finance | (untagged),false,live,FATIGUED,₹0.3L
finance_seekho_loankibheekh_raghav_humanxtalkingobject_face_human_9apr26_pc_expansion_exp_script_agency_pc_ext_anshumali_raghavxedit_finance_hook3_track12,finance,finance | (untagged),false,live,FATIGUED,₹0.2L
finance_track12_seekho_lowcibiloan_mohit_wbxuglyedit_splitscreen_human_28may26_pc_expansion_exp_format_agency_pc_ext_anshumali_bhaveshxedit_finance_hook3_rework_5june,finance,finance | (untagged),false,live,TOO_YOUNG,₹0.2L
finance_track12_seekho_lowcibiloan_siddhi2_testimonialxchores_face_human_6jun26_pc_expansion_exp_creator_agency_pc_ext_anshumali_nikhilxedit_finance_hook3,finance,finance | (untagged),false,live,TOO_YOUNG,₹0.1L
finance_track12_seekho_emergencyloanxvb_mineshxdivyanshu_2person_face_human_5jun26_pc_expansion_exp_creator_agency_pc_ext_anshumali_bhaveshxedit_finance_hook2,finance,finance | (untagged),false,live,TOO_YOUNG,₹0.1L
finance_track12_seekho_emioverduexgoodscore_sanjay_panchayat_face_human_5jun26_pc_expansion_exp_creator_agency_pc_ext_anshumali_raghavxedit_finance_hook1,finance,finance | (untagged),false,paused,TOO_YOUNG,₹0.1L
finance_track12_seekho_timewastexfinance_bithika_printeda4_faceless_human_5jun26_pc_expansion_exp_format_agency_pc_ext_anshumali_bithikaxedit_finance_hook3,finance,finance | (untagged),false,live,TOO_YOUNG,₹0.1L
finance_track12_seekho_10rsxchai_aixevilchai_talkingobject_face_ai_6may26_pc_expansion_exp_creator_agency_pc_ext_anshumali_sachinxedit_finance_hook3_rework_5june,finance,finance | (untagged),false,live,TOO_YOUNG,₹0.1L
finance_track12_seekho_lowcibiloan_raksha_testimonialxchores_face_human_6jun26_pc_expansion_exp_creator_agency_pc_ext_anshumali_raghavxedit_finance_hook1,finance,finance | (untagged),false,live,TOO_YOUNG,₹0.1L
finance_track12_seekho_gareebxfinancex90_minesh_whiteboard_face_human_5jun26_pc_expansion_exp_creator_agency_pc_ext_anshumali_bhaveshxedit_finance_hook2,finance,finance | (untagged),false,paused,TOO_YOUNG,₹0.1L
finance_track12_seekho_lowcibiloan_raksha_testimonialxchores_face_human_6jun26_pc_expansion_exp_creator_agency_pc_ext_anshumali_raghavxedit_finance_hook2,finance,finance | (untagged),false,live,TOO_YOUNG,₹0.1L
finance_track12_seekho_emioverduexgoodscore_sanjay_panchayat_face_human_5jun26_pc_expansion_exp_creator_agency_pc_ext_anshumali_raghavxedit_finance_hook3,finance,finance | (untagged),false,live,TOO_YOUNG,₹0.1L
finance_track12_seekho_gareebxfinancex90_minesh_whiteboard_face_human_5jun26_pc_expansion_exp_creator_agency_pc_ext_anshumali_bhaveshxedit_finance_hook3,finance,finance | (untagged),false,live,TOO_YOUNG,₹0.1L
finance_track12_seekho_lowcibiloan_aixladka_cartoonedit79_animation_ai_8jun26_pc_expansion_exp_format_agency_pc_ext_anshumali_ritaxedit_finance_hook2,finance,finance | (untagged),false,live,TOO_YOUNG,₹0.1L
finance_track12_seekho_emioverduexgoodscore_rajendra_panchayat_face_human_5jun26_pc_expansion_exp_creator_agency_pc_ext_anshumali_nikhilxedit_finance_hook2,finance,finance | (untagged),false,live,TOO_YOUNG,₹0.0L
finance_track12_seekho_timewastexfinance_bithika_printeda4_faceless_human_5jun26_pc_expansion_exp_format_agency_pc_ext_anshumali_bithikaxedit_finance_hook1,finance,finance | (untagged),false,paused,TOO_YOUNG,₹0.0L
finance_track12_seekho_emioverduexgoodscore_rajendra_panchayat_face_human_5jun26_pc_expansion_exp_creator_agency_pc_ext_anshumali_nikhilxedit_finance_hook1,finance,finance | (untagged),false,live,TOO_YOUNG,₹0.0L
finance_track12_seekho_lowcibiloan_aixladka_cartoonedit79_animation_ai_8jun26_pc_expansion_exp_format_agency_pc_ext_anshumali_ritaxedit_finance_hook1,finance,finance | (untagged),false,paused,TOO_YOUNG,₹0.0L
finance_track12_seekho_lowcibiloan_raksha_testimonialxchores_face_human_6jun26_pc_expansion_exp_creator_agency_pc_ext_anshumali_raghavxedit_finance_hook3,finance,finance | (untagged),false,paused,TOO_YOUNG,₹0.0L
homeparlour_alooxpatixpadosansundarxjealousy_femalepov_talkingobject_track351_livegen_veo3_ogcreativesbeauty_harini_04june26,home parlour,home parlour | (untagged),false,live,TOO_YOUNG,₹0.6L
homeparlour_waxingxkexnaam_newscript_femalepov_cartoonedit_track351_livegen_veo3_ogcreativesbeauty_shreya_23may,home parlour,home parlour | (untagged),false,live,TOO_YOUNG,₹0.4L
homeparlour_pehlixbaarxwaxing_newscript_femalepov_cartooneditxdifferentxtype_ogcreativesbeauty_track351_livegen_veo3_harini_5june,home parlour,home parlour | (untagged),false,live,TOO_YOUNG,₹0.1L
homeparlour_ladkiyonxjaisaxchehra_newscript_femalepov_cartoonedit_ogcreativesbeauty_track351_livegen_veo3_harini_7june,home parlour,home parlour | (untagged),false,live,TOO_YOUNG,₹0.1L
homeparlour_thodiaurxgaalkebaal_newscript_femalepov_cartoonedit_track351_livegen_veo3_ogcreativesbeauty_shreya_22may,home parlour,home parlour | (untagged),false,live,TOO_YOUNG,₹0.1L
homeparlour_sabsexbadixfiqrparlour_newscript_femalepov_microdrama_ogcreativesbeauty_track351_livegen_veo3_harini_7june,home parlour,home parlour | (untagged),false,live,TOO_YOUNG,₹0.1L
homeparlour_harxmahinexitnexpaise_newscript_femalepov_cartooneditxdifferentxtype_ogcreativesbeauty_track351_livegen_veo3_harini_5june,home parlour,home parlour | (untagged),false,live,TOO_YOUNG,₹0.1L
homeparlour_baharkhadahoon_newscript_femalepovxvegetablemashup_talkingobject_track351_livegen_veo3_ogcreativesbeauty_vaibhav_24may,home parlour,home parlour | (untagged),false,paused,TOO_YOUNG,₹0.0L
homeparlour_phirxwahixpooja_newscript_femalepov_talkingobject_ogcreativesbeauty_track352_livegen_veo3_harini_8june,home parlour,home parlour | (untagged),false,live,TOO_YOUNG,₹0.0L
horxcrisis_track341_seekho_3000dailyxemergencycrisisxhook2_moses_testimonialxchores_face_human_23apr26_pc_expansion_exp_formatxhook_agency_pc_ext_anshumali_raghavxedit_career_hook2,horxcrisis low unin% creatives,horxcrisis low unin% creatives | (untagged),false,live,HEALTHY,₹15.2L
horxcrisis_track341_seekho_3000dailyxemergencycrisisxhook2_ashish_testimonialxchores_face_human_5may26_pc_expansion_exp_creatorxformat_agency_pc_ext_anshumali_nikhilxedit_career_hook3,horxcrisis low unin% creatives,horxcrisis low unin% creatives | (untagged),false,live,FATIGUED,₹6.2L
horxcrisis_track341_seekho_karzstoryxpaanwala_aixpappu_cartoonedit79_animation_ai_14apr26_pc_expansion_exp_creator_agency_pc_ext_shivam_rishabhxedit_astrology_hook2_track341,horxcrisis low unin% creatives,horxcrisis low unin% creatives | (untagged),false,paused,FATIGUED,₹3.6L
horxcrisis_track341_seekho_3000dailyxemergencycrisisxhooks1_aixjhulaowner_spaceinterview_face_ai_1may26_pc_expansion__agency_pc_ext_anshumali_ujjawalxedit_career_hook1,horxcrisis low unin% creatives,horxcrisis low unin% creatives | (untagged),false,live,FATIGUED,₹2.1L
horxcrisis_track341_seekho_deliveryxfracturexpti_aixrajat_microdrama_animation_ai_24apr26_pc_expansion_exp_script_agency_pc_ext_shivam_nehaxedit_pti_hook3,horxcrisis low unin% creatives,horxcrisis low unin% creatives | (untagged),false,live,WATCH,₹1.9L
horxcrisis_seekho_mummyhospitalxmale_aixjhulaowner_streetinterview_face_ai_10apr26_pc_expansion_exp_script_agency_pc_ext_anshumali_ujjawalxedit_career_hook1_track341,horxcrisis low unin% creatives,horxcrisis low unin% creatives | (untagged),false,live,FATIGUED,₹0.9L
horxcrisis_track341_seekho_mandilabourxpti_aixmandilabour_cartoonedit79_animation_ai_25apr26_pc_new_new_script_agency_pc_ext_mandle_pawanxedit_pti_hook3,horxcrisis low unin% creatives,horxcrisis low unin% creatives | (untagged),false,paused,FATIGUED,₹0.9L
horxcrisis_track341_seekho_3000dailyxemergencycrisisxhooks1_suraj_panchayat_face_human_24apr26_pc_expansion_exp_creator_agency_pc_ext_anshumali_nikhilxedit_career_hook3,horxcrisis low unin% creatives,horxcrisis low unin% creatives | (untagged),false,live,FATIGUED,₹0.8L
horxcrisis_track341_seekho_divorcexstrongwomanxdiy_aixpriya_brightxcartoonedit_animation_ai_20apr26_pc_new_new_theme_agency_pc_ext_shivam_ujjawalxedit_diy_hook3,horxcrisis low unin% creatives,horxcrisis low unin% creatives | (untagged),false,live,FATIGUED,₹0.7L
horxother_track342_seekho_electricianwife_aixritu_testimonialxchores_face_ai_30apr26_pc_new_new_script_agency_pc_ext_mandle_bhaveshxedit_pti_hook2,horxother + ut,horxother + ut | (untagged),false,live,FATIGUED,₹4.4L
utilisetime_gadhamajdoorixcrafto_sandeep_printeda4_27mar_faceless_expansion_m1 _expansion_anshumali_pc,horxother + ut,horxother + ut | (untagged),false,paused,FATIGUED,₹2.3L
horxother_track342_seekho_gymtrainerxpti_aixgymtrainer_cartoonedit6_animation_ai_18may26_pc_new_new_script_agency_pc_ext_mandle_rita xedit_pti_hook2,horxother + ut,horxother + ut | (untagged),false,live,HEALTHY,₹0.5L
horxother_track342_seekho_patikidusribiwixkhudkamao_anjum_cartoonedit_face_ai_05may26_livegen_new_newscript_performance_aniket_hook2_ext,horxother + ut,horxother + ut | (untagged),false,paused,FATIGUED,₹0.5L
horxother_track342_bhanki_shadi_fundaclone,horxother + ut,horxother + ut | (untagged),false,live,FATIGUED,₹0.2L
horxother_track342_seekho_electricianwife_raksha_testimonialxchores_face_human_14may26_khandelwal_expansion_exp_creator_agency_pc_ext_mandle_raghavxedit_pti_hook3,horxother,horxother | (untagged),false,live,HEALTHY,₹4.0L
horxother_track342_seekho_patixpromotion_aixredeyepriya_microdrama_face_ai_13may26_pc_expansion_exp_creator_agency_pc_ext_anshumali_ujjawalxedit_career_hook2,horxother,horxother | (untagged),false,live,NOT_FATIGUE,₹2.8L
horxother_track342_seekho_erickshawxpti_aixerickshaw_aiedit_animation_ai_14may26_pc_expansion_exp_format_agency_pc_ext_shivam_bhaveshxedit_pti_hook2,horxother,horxother | (untagged),false,live,NOT_FATIGUE,₹2.1L
horxother_track342_seekho_gharkinaari_raksha_chores_face_human_9may26_pc_expansion_exp_creator_agency_pc_ext_anshumali_raghavxedit_career_hook2,horxother,horxother | (untagged),false,live,NOT_FATIGUE,₹2.0L
horxother_track342_seekho_patixpromotion_muskan_testimonialxchores_face_human_16may26_pc_expansion_exp_creator_agency_pc_ext_anshumali_nikhilxedit_career_hook2,horxother,horxother | (untagged),false,live,HEALTHY,₹1.7L
horxother_track342_seekho_patixpromotion_muskan_testimonialxchores_face_human_16may26_pc_expansion_exp_creator_agency_pc_ext_anshumali_nikhilxedit_career_hook3,horxother,horxother | (untagged),false,live,NOT_FATIGUE,₹0.4L
horxother_track342_seekho_erickshawxpti_aixerickshaw_aiedit_animation_ai_14may26_pc_expansion_exp_format_agency_pc_ext_shivam_bhaveshxedit_pti_hook3,horxother,horxother | (untagged),false,live,HEALTHY,₹0.3L
horxother_track342_seekho_divorcexcareerxhooks2_aix2danjali_microdrama_face_ai_5may26_pc_expansion_exp_creator_agency_pc_ext_anshumali_nehaxedit_career_hook1,horxother,horxother | (untagged),false,paused,HEALTHY,₹0.3L
horxother_track342_seekho_patixvidesh_aixveryfatritu_microdrama_face_ai_4may26_pc_expansion_exp_creator_agency_pc_ext_anshumali_roshanxedit_career_hook1,horxother,horxother | (untagged),false,paused,HEALTHY,₹0.2L
horxother_track342_seekho_roztimewastenahikarox15minseekho_palak_veo3_face_ai_06june26_livegen_new_newscript_performance_ashish_hook2_ext,horxother,horxother | (untagged),false,live,TOO_YOUNG,₹0.2L
horxother_track342_seekho_gharkinaarixpti_raksha_testimonialxchores_face_human_11may26_pc_new_new_crosstest_agency_pc_ext_shivam_raghavxedit_pti_hook1,horxother,horxother | (untagged),false,paused,NOT_FATIGUE,₹0.1L
horxother_track342_seekho_gharkinaari_raksha_chores_face_human_9may26_pc_expansion_exp_creator_agency_pc_ext_anshumali_raghavxedit_career_hook1,horxother,horxother | (untagged),false,paused,HEALTHY,₹0.1L
horxother_track342_seekho_gharkinaari_kaveri_testimonialxchoresxsplit_face_human_11may26_khandelwal_new_exp_format_agency_pc_ext_anshumali_raghavxedit_career_hook1,horxother,horxother | (untagged),false,paused,TOO_YOUNG,₹0.1L
horxother_track342_seekho_oldhusbandxcareer_aixbaldzara_bobblehead_face_ai_11may26_pc_expansion_exp_creator_agency_pc_ext_anshumali_nehaxedit_career_hook2,horxother,horxother | (untagged),false,paused,WATCH,₹0.1L
horxother_track342_seekho_parayegharkiladki_aixveryfatkavita_microdrama_face_ai_11may26_pc_new_new_script_agency_pc_ext_mandle_ujjawalxedit_business_hook3,horxother,horxother | (untagged),false,paused,BELOW_SPEND_FLOOR,₹0.0L
horxother_track342_seekho_gharkinaari_raksha_chores_face_human_9may26_pc_expansion_exp_creator_agency_pc_ext_anshumali_raghavxedit_career_hook3,horxother,horxother | (untagged),false,live,TOO_YOUNG,₹0.0L
horxother_track342_seekho_patixpromotion_muskan_testimonialxchores_face_human_16may26_pc_expansion_exp_creator_agency_pc_ext_anshumali_nikhilxedit_career_hook1,horxother,horxother | (untagged),false,paused,BELOW_SPEND_FLOOR,₹0.0L
horxother_track342_seekho_roztimewastenahikarox15minseekho_palak_veo3_face_ai_06june26_livegen_new_newscript_performance_ashish_hook1_ext,horxother,horxother | (untagged),false,paused,TOO_YOUNG,₹0.0L
insta catalogue ads,insta  catalogue adset,insta  catalogue adset | (untagged),false,live,TOO_YOUNG,₹0.5L
instagram_userpersona_fame_female_bosswallah_ai_talkingkatori_gtmig_22may26_track35,instagram,instagram | (untagged),true,live,HEALTHY,₹0.3L
instagram_track35_seekho_instagramsetting_nikhil_printeda4_splitscreen_human_4jun26_pc_expansion_exp_format_agency_pc_ext_shivam_nikhilxedit_insta,instagram,instagram | (untagged),false,live,TOO_YOUNG,₹0.3L
instagram_track35_seekho_brandmoneyxinsta_nikhil_laptoppov_faceless_human_5jun26_pc_expansion_exp_format_agency_pc_ext_shivam_nikhilxedit_insta_hook2,instagram,instagram | (untagged),false,live,TOO_YOUNG,₹0.2L
instagram_riya_usercentric_stuckviews_virality_ apnephonese_genderagnostic_humanai_bosswallah_ogcreativeig_05june26_track35,instagram,instagram | (untagged),false,paused,TOO_YOUNG,₹0.2L
instagram_emotioncentric_malecreator_instagramgrowth_humanai_livegen_track35_ogcreativeig_jaagriti_05june26,instagram,instagram | (untagged),false,paused,TOO_YOUNG,₹0.2L
instagram_userpersona_fame_female_bosswallah_talkingobject_bhindi_ogcreativeig_track35_05june26,instagram,instagram | (untagged),false,paused,TOO_YOUNG,₹0.2L
instagram_userpersona_fame_female_draco_talkingobject_strawberry_track35_ogcreativeig_05june26,instagram,instagram | (untagged),false,paused,TOO_YOUNG,₹0.2L
instagram_userpersona_instagramgrowth_humanai_livegen_track35_ogcreativeig_jaagriti_05june26,instagram,instagram | (untagged),false,paused,TOO_YOUNG,₹0.2L
instagram_userpersona_fame_female_bosswallah_talkingobject_coconut_track35_ogcreativeig__track35_rework_05june26,instagram,instagram | (untagged),false,paused,TOO_YOUNG,₹0.2L
instagram_track35_seekho_instaviralxvaibhavxlowchurnxlowexit_nikhil_wbpov_faceless_human_6jun26_pc_expansion_exp_format_agency_pc_ext_shivam_nikhilxedit_insta_hook1,instagram,instagram | (untagged),false,live,TOO_YOUNG,₹0.1L
instagram_userpersona_fame_female_bosswallah_talkingobject_pomegranate_ogcreativeig__track35_04june26,instagram,instagram | (untagged),false,paused,TOO_YOUNG,₹0.1L
instagram_track35_devilalconstructionworker_ashulal_cartoonedit_face_ai_04june26_livegen_new_newscript_performance_aniket_ext,instagram,instagram | (untagged),false,live,TOO_YOUNG,₹0.1L
instagram_riya_usercentric_earnfromyourpage_virality_genderagnostic_humanai_bosswallah_ogcreativeig_05june26_track35,instagram,instagram | (untagged),false,paused,TOO_YOUNG,₹0.1L
instagram_userpersona_fame_draco_fitness_reels_unblock_track35_rushi_ogcreativeig_05june26,instagram,instagram | (untagged),false,paused,TOO_YOUNG,₹0.1L
instagram_ugcstyle_wrongtimingseviewsnahi_2lakhviewsjourney_gharsetup_malecreator_bosswallah_rework_ogcreativeig_05june26_track35,instagram,instagram | (untagged),false,paused,TOO_YOUNG,₹0.1L
instagram_visualkey_instagrammastery_gaonkikahawat_veo3_livegen_track35_ogcreativeig_05june26,instagram,instagram | (untagged),false,paused,TOO_YOUNG,₹0.1L
instagram_userpersonacentric_veo3_talkingbottlementor_instagrambeginnerguide_bosswallah_jaagriti_ogcreativeig_track35_05june26,instagram,instagram | (untagged),false,paused,TOO_YOUNG,₹0.1L
instagram_riya_usercentric_ladoohook1_virality_female_talkingobjectsai_bosswallah_ogcreativeig_08june26_track35,instagram,instagram | (untagged),false,live,TOO_YOUNG,₹0.1L
instagram_track35_seekho_newhooksxearnmoney_nikhil_ipadpov_faceless_human_4jun26_pc_expansion_exp_format_agency_pc_ext_shivam_nikhilxedit_insta_hook3_rework_8june,instagram,instagram | (untagged),false,live,TOO_YOUNG,₹0.1L
instagram_userpersona_fame_female_draco_talkingobject_mangohook2_track35_ogcreativeig_05june26,instagram,instagram | (untagged),false,paused,TOO_YOUNG,₹0.1L
instagram_knowledgegap_strategygrowth_malecreator_humanai_livegen_ogcreativeig_05june26_track35,instagram,instagram | (untagged),false,paused,TOO_YOUNG,₹0.1L
instagram_track35_seekho_secretstrategyxinsta_nikhil_ipadpov_faceless_human_5jun26_pc_new_new_format_agency_pc_ext_shivam_nikhilxedit_insta_hook3,instagram,instagram | (untagged),false,live,TOO_YOUNG,₹0.1L
instagram_visualkey_instagrammastery_wrongvsright_veo3_livegen_track35_ogcreativeig_05june26,instagram,instagram | (untagged),false,paused,TOO_YOUNG,₹0.0L
instagram_track35_seekho_secretstrategyxinsta_nikhil_ipadpov_faceless_human_5jun26_pc_new_new_format_agency_pc_ext_shivam_nikhilxedit_insta_hook2,instagram,instagram | (untagged),false,live,TOO_YOUNG,₹0.0L
instagram_visualkey_viralreelideas_wrongvsright_veo3_livegen_track35_ogcreativeig_jaagriti_05june26,instagram,instagram | (untagged),false,paused,TOO_YOUNG,₹0.0L
instagram_track35_seekho_monsterxalgo_sandeep_ipadpov_splitscreen_human_6jun26_pc_expansion_exp_format_agency_pc_ext_shivam_sandeepxedit_insta_hook1,instagram,instagram | (untagged),false,live,TOO_YOUNG,₹0.0L
instagram_track35_seekho_brandmoneyxinsta_suraj_wb_face_human_5jun26_pc_expansion_exp_format_agency_pc_ext_shivam_nikhilxedit_insta_hook1,instagram,instagram | (untagged),false,live,TOO_YOUNG,₹0.0L
instagram_userpersona_fame_draco_vegetable_talkingobject_karela_track35_rushi_ogcreativeig_08june26,instagram,instagram | (untagged),false,live,TOO_YOUNG,₹0.0L
instagram_track35_famoushonahaimaksad_ashulal_cartoonedit_face_ai_04june26_livegen_new_newscript_performance_aniket_hook1_ext,instagram,instagram | (untagged),false,live,TOO_YOUNG,₹0.0L
instagram_userpersona_fame_draco_watchman_famous_track35_rushi_ogcreativeig_08june26,instagram,instagram | (untagged),false,live,TOO_YOUNG,₹0.0L
instagram_track35_seekho_4hrswastexinsta_aixphataposter_aiedit_animation_ai_6jun26_pc_new_new_format_agency_pc_ext_shivam_bhaveshxedit_insta_hook2,instagram,instagram | (untagged),false,live,TOO_YOUNG,₹0.0L
instagram_userpersonacentric_veo3_factstorytellingmentor_instagramgrowthsecrets_bosswallah_jaagriti_ogcreativeig_track35_08june26,instagram,instagram | (untagged),false,live,TOO_YOUNG,₹0.0L
instagram_emotioncentric_selfrespect_instagramgrowth_femaleai_humanai_track35_bosswallah_ogcreativeig_08june26,instagram,instagram | (untagged),false,live,TOO_YOUNG,₹0.0L
instagram_userpersona_fame_female_livegen_female_parlour_ogcreativeig_rushi_05june25_track35,instagram,instagram | (untagged),false,live,TOO_YOUNG,₹0.0L
instagram_track35_seekho_4hrswastexinsta_aixphataposter_aiedit_animation_ai_6jun26_pc_new_new_format_agency_pc_ext_shivam_bhaveshxedit_insta_hook3,instagram,instagram | (untagged),false,live,TOO_YOUNG,₹0.0L
instagram_track35_famoushonahaimaksad_ashulal_cartoonedit_face_ai_04june26_livegen_new_newscript_performance_aniket_hook2_ext,instagram,instagram | (untagged),false,paused,TOO_YOUNG,₹0.0L
instagram_track35_seekho_monsterxalgo_sandeep_ipadpov_splitscreen_human_6jun26_pc_expansion_exp_format_agency_pc_ext_shivam_sandeepxedit_insta_hook2,instagram,instagram | (untagged),false,live,TOO_YOUNG,₹0.0L
instagram_track35_seekho_monsterxalgo_sandeep_ipadpov_splitscreen_human_6jun26_pc_expansion_exp_format_agency_pc_ext_shivam_sandeepxedit_insta_hook3,instagram,instagram | (untagged),false,paused,TOO_YOUNG,₹0.0L
instagram_track35_seekho_secretstrategyxinsta_nikhil_ipadpov_faceless_human_5jun26_pc_new_new_format_agency_pc_ext_shivam_nikhilxedit_insta_hook1,instagram,instagram | (untagged),false,live,TOO_YOUNG,₹0.0L
instagram_track35_seekho_instaviralxvaibhavxlowchurnxlowexit_nikhil_wbpov_faceless_human_6jun26_pc_expansion_exp_format_agency_pc_ext_shivam_nikhilxedit_insta_hook2,instagram,instagram | (untagged),false,paused,TOO_YOUNG,₹0.0L
instagram_track35_seekho_instaviralxvaibhavxlowchurnxlowexit_nikhil_wbpov_faceless_human_6jun26_pc_expansion_exp_format_agency_pc_ext_shivam_nikhilxedit_insta_hook3,instagram,instagram | (untagged),false,paused,TOO_YOUNG,₹0.0L
instagram_track35_seekho_newhooksxearnmoney_nikhil_ipadpov_faceless_human_4jun26_pc_expansion_exp_format_agency_pc_ext_shivam_nikhilxedit_insta_hook1_rework_8june,instagram,instagram | (untagged),false,live,TOO_YOUNG,₹0.0L
instagram_track35_seekho_4hrswastexinsta_aixphataposter_aiedit_animation_ai_6jun26_pc_new_new_format_agency_pc_ext_shivam_bhaveshxedit_insta_hook1,instagram,instagram | (untagged),false,paused,TOO_YOUNG,₹0.0L
makeuphairstyle_arreshimladekh_newscript_femalepovxvegetablemashup_talkingobject_track352_livegen_veo3_ogcreativesbeauty_vaibhav_25may,makeup hairstyle,makeup hairstyle | (untagged),false,live,TOO_YOUNG,₹0.4L
makeuphairstyle_halkamakeup_newscript_femalepov_cartoonedit_heroinebankar_track352_livegen_veo3_ogcreativesbeauty_shreya_22may,makeup hairstyle,makeup hairstyle | (untagged),false,live,TOO_YOUNG,₹0.1L
makeuphairstyle_badibahuxseherkidevrani_newscript_femalepov_microdrama_track352_draco_veo3_ogcreativesbeauty_harini_7june_hook1,makeup hairstyle,makeup hairstyle | (untagged),false,live,TOO_YOUNG,₹0.1L
makeuphairstyle_bhaikishaadixparlourwalinekharabkrdiya_newscript_femalepov_cartoonedit_track352_draco_veo3_ogcreativesbeauty_harini_05june26,makeup hairstyle,makeup hairstyle | (untagged),false,paused,TOO_YOUNG,₹0.1L
makeuphairstyle_rahulneshaaditoddi_femalepov_cartoonedit_track352_draco_veo3_ogcreativesbeauty_harini_8june_hook3,makeup hairstyle,makeup hairstyle | (untagged),false,live,TOO_YOUNG,₹0.0L
makeuphairstyle_curlingrod_newscript_femalepov_talkingobject_track352_livegen_veo3_ogcreativesbeauty_vaibhav_26may,makeup hairstyle,makeup hairstyle | (untagged),false,live,TOO_YOUNG,₹0.0L
makeuphairstyle_rahulneshaaditoddi_femalepov_cartoonedit_track352_draco_veo3_ogcreativesbeauty_harini_8june_hook1,makeup hairstyle,makeup hairstyle | (untagged),false,live,TOO_YOUNG,₹0.0L
makeuphairstyle_badibahuxseherkidevrani_newscript_femalepov_microdrama_track352_draco_veo3_ogcreativesbeauty_harini_7june_hook2,makeup hairstyle,makeup hairstyle | (untagged),false,paused,TOO_YOUNG,₹0.0L
pti_track2_seekho_lowbalxpti_nikhil_ipadpov_faceless_human_23apr26_pc_expansion_exp_script_agency_pc_ext_shivam_nikhilxedit_pti_hook3,pti,pti | (untagged),false,live,NOT_FATIGUE,₹0.3L
pti_track2_seekho_4hrswaste_moses_testimonialxchores_face_human_4jun26_khandelwal_new_exp_format_agency_pc_ext_mandle_raghavxedit_utilise_hook3,pti,pti | (untagged),false,live,TOO_YOUNG,₹0.2L
pti_track02_bohotsaalkijobxsalarykharch_palak_veo3_face_ai_05june26_livegen_new_inhouse_performance_vyom_hook1_ext,pti,pti | (untagged),false,paused,TOO_YOUNG,₹0.1L
pti_track2_seekho_harcheezxpaisaxpti_aixgaayxperson_aiedit_animation_ai_4jun26_pc_new_new_format_agency_pc_ext_shivam_bhaveshxedit_pti_hook3,pti,pti | (untagged),false,live,TOO_YOUNG,₹0.1L
pti_track2_seekho_nightguardxptixfpovv1_raghav_testimonialxchores_face_human_3jun26_khandelwal_new_exp_creator_agency_pc_ext_mandle_raghavxedit_pti_hook2,pti,pti | (untagged),false,paused,TOO_YOUNG,₹0.1L
pti_track02_parttimekamaaoxnayadhandha_palak_microdrama_face_ai_05june26_livegen_new_inhouse_performance_aniket_ext,pti,pti | (untagged),false,paused,TOO_YOUNG,₹0.1L
pti_track2_seekho_erickshawxptixpov_nikhil_wbpov_faceless_human_6jun26_pc_expansion_exp_format_agency_pc_ext_shivam_nikhilxedit_pti_hook1,pti,pti | (untagged),false,live,TOO_YOUNG,₹0.1L
pti_track02_blousesilaaikakaamxarttimkamaai_palak_veo3_face_ai_05june26_livegen_new_inhouse_performance_vyom_hook2_ext,pti,pti | (untagged),false,paused,TOO_YOUNG,₹0.1L
pti_track02_podcastxnaukrisafenahixsidemekamaao_palak_veo3_face_ai_05june26_livegen_new_inhouse_performance_vyom_hook1_ext,pti,pti | (untagged),false,paused,TOO_YOUNG,₹0.0L
pti_track02_bandithappadmaarkegayi_palak_veo3_face_ai_05june26_livegen_new_inhouse_performance_vyom_hook2_ext,pti,pti | (untagged),false,paused,TOO_YOUNG,₹0.0L
pti_track2_seekho_electricianwife_vinal_testimonialxchores_faceless_human_4jun26_pc_expansion_exp_format_agency_pc_ext_shivam_bhaveshxedit_pti_hook3,pti,pti | (untagged),false,live,TOO_YOUNG,₹0.0L
pti_track2_seekho_4hrswaste_siddhartha_testimonialxchores_face_human_4jun26_khandelwal_new_exp_format_agency_pc_ext_mandle_bhaveshxedit_utilise_hook2,pti,pti | (untagged),false,paused,TOO_YOUNG,₹0.0L
pti_track2_seekho_4hrswaste_siddhartha_testimonialxchores_face_human_4jun26_khandelwal_new_exp_format_agency_pc_ext_mandle_bhaveshxedit_utilise_hook1,pti,pti | (untagged),false,paused,TOO_YOUNG,₹0.0L
pti_track2_seekho_4hrswaste_siddhartha_testimonialxchores_face_human_4jun26_khandelwal_new_exp_format_agency_pc_ext_mandle_bhaveshxedit_utilise_hook3,pti,pti | (untagged),false,paused,TOO_YOUNG,₹0.0L
pti_track02_blousesilaaikakaamxarttimkamaai_palak_veo3_face_ai_05june26_livegen_new_inhouse_performance_vyom_hook1_ext,pti,pti | (untagged),false,paused,TOO_YOUNG,₹0.0L
pti_track2_seekho_4hrswaste_moses_testimonialxchores_face_human_4jun26_khandelwal_new_exp_format_agency_pc_ext_mandle_raghavxedit_utilise_hook1,pti,pti | (untagged),false,live,TOO_YOUNG,₹0.0L
pti_track2_seekho_electricianwife_vinal_testimonialxchores_faceless_human_4jun26_pc_expansion_exp_format_agency_pc_ext_shivam_bhaveshxedit_pti_hook1,pti,pti | (untagged),false,paused,TOO_YOUNG,₹0.0L
pti_track2_seekho_electricianwife_vinal_testimonialxchores_faceless_human_4jun26_pc_expansion_exp_format_agency_pc_ext_shivam_bhaveshxedit_pti_hook2,pti,pti | (untagged),false,paused,TOO_YOUNG,₹0.0L
horxother_track342_seekho_organisehomexdiy_aixsunita_kathputlixcartoonedit_animation_ai_21apr26_aniket_expansion_exp_format_agency_pc_ext_shivam_pawanxedit_diy_hook1,retargeting installer,retargeting installer | (untagged),false,paused,NOT_FATIGUE,₹16.4L
finance_gareebxfinancex90_mix10sep3_asmr_20oct_faceless_expansion_m1_hook1_track12,retargeting installer,retargeting installer | (untagged),false,live,WATCH,₹14.7L
sharemarket1_khudsekamai_aixsunita_cartoonedit19_28jan_creator_newtopic_rishabhxedit_m5.3_inhouse_hook1,retargeting installer,retargeting installer | (untagged),false,live,FATIGUED,₹6.8L
sharemarket1_silaiwali_aixsangeeta_cartoonedit33_30jan_creator_newtopic_rishabhxedit_m10_inhous,retargeting installer,retargeting installer | (untagged),false,live,FATIGUED,₹5.9L
facebook_fastmonetise_aditya_printeda4_22jan_faceless_expansion_m1_hook3,retargeting installer,retargeting installer | (untagged),false,live,WATCH,₹5.7L
utilisetime_seekho_bofu5_yogeshxraksha_skit_face_human_13apr26_piyush_new_new_script_agency_pc_ext_anshumali_raghavxedit_utilise,retargeting installer,retargeting installer | (untagged),false,live,WATCH,₹2.5L
utilisetime_seekho_bofu2_railwayxmar1_asmr_faceless_ai_13apr26_piyush_new_new_script_agency_pc_ext_anshumali_bhaveshxedit_utilise,retargeting installer,retargeting installer | (untagged),false,live,WATCH,₹2.4L
sharemarket_track15_seekho_aiedit_aixbullfamily_ytxcomparexsm_animation_ai_25may26_piyush_new_new_script_agency_pc_ext_shivam_roshanxedit_sharemarket,retargeting installer,retargeting installer | (untagged),false,live,NOT_FATIGUE,₹2.4L
instagram_track35_seekho_skit_raghavxyogesh_consistentxissuexinsta_face_human_25may26_piyush_new_new_script_agency_pc_ext_shivam_raghavxedit_insta,retargeting installer,retargeting installer | (untagged),false,live,HEALTHY,₹2.3L
sharemarket_track15_seekho_skydiving_aixdadixbeta_dontquitxsm_animation_ai_25may26_piyush_new_new_script_agency_pc_ext_shivam_roshanxedit_sharemarket,retargeting installer,retargeting installer | (untagged),false,live,HEALTHY,₹0.6L
utilisetime_seekho_bofu7_siddharth_panchayat_face_human_13apr26_piyush_new_new_script_agency_pc_ext_anshumali_bhaveshxedit_utilise,retargeting installer,retargeting installer | (untagged),false,live,HEALTHY,₹0.5L
utilisetime_seekho_bofu3_moses_streetinterview_face_human_13apr26_piyush_new_new_script_agency_pc_ext_anshumali_raghavxedit_utilise,retargeting installer,retargeting installer | (untagged),false,paused,HEALTHY,₹0.4L
utilisetime_seekho_bofu1_ajay_panchayat_face_human_13apr26_piyush_new_new_script_agency_pc_ext_anshumali_raghavxedit_utilise,retargeting installer,retargeting installer | (untagged),false,paused,WATCH,₹0.2L
biz_track36_seekho_bizxbofu2_nikhil_ipadpov_faceless_human_25may26_piyush_new_new_script_agency_pc_ext_anshumali_nikhilxedit_business,retargeting installer,retargeting installer | (untagged),false,paused,TOO_YOUNG,₹0.2L
biz_track36_seekho_bizxbofu3_aixseekhoapp_talkingobject_face_ai_25may26_piyush_new_new_script_agency_pc_ext_anshumali_sachinxedit_business,retargeting installer,retargeting installer | (untagged),false,paused,TOO_YOUNG,₹0.2L
utilisetime_track14_seekho_2000ghantekambaxbofu_aixbhoot_aiedit_animation_ai_25may26_piyush_new_new_script_agency_pc_ext_mandle_roshanxedit_utilise,retargeting installer,retargeting installer | (untagged),false,paused,TOO_YOUNG,₹0.1L
sarkari_track1_seekho_aadharpeloan2xvaibhav_ajay_testimonialxchores_face_human_14may26_pc_expansion_exp_format_agency_pc_ext_anshumali_raghavxedit_sarkari-loan_hook2,sarkari,sarkari | (untagged),false,live,HEALTHY,₹0.1L
sarkari_track1_seekho_tatkalxinterview_aixreporter_miniaturehuman_animation_ai_3jun26_pc_expansion_exp_format_agency_pc_ext_anshumali_bhaveshxedit_sarkari-loan_hook3,sarkari,sarkari | (untagged),false,paused,TOO_YOUNG,₹0.1L
sarkari_track1_seekho_tatkalxinterview_aixreporter_miniaturehuman_animation_ai_3jun26_pc_expansion_exp_format_agency_pc_ext_anshumali_bhaveshxedit_sarkari-loan_hook1,sarkari,sarkari | (untagged),false,paused,TOO_YOUNG,₹0.0L
sarkari_track1_seekho_aadharpeloan2xvaibhav_ajay_testimonialxchores_face_human_14may26_pc_expansion_exp_format_agency_pc_ext_anshumali_raghavxedit_sarkari-loan_hook3,sarkari,sarkari | (untagged),false,live,TOO_YOUNG,₹0.0L
sarkari_track1_seekho_tatkalxinterview_aixreporter_miniaturehuman_animation_ai_3jun26_pc_expansion_exp_format_agency_pc_ext_anshumali_bhaveshxedit_sarkari-loan_hook2,sarkari,sarkari | (untagged),false,paused,TOO_YOUNG,₹0.0L
sarkari_track1_seekho_aadharpeloan2xvaibhav_ajay_testimonialxchores_face_human_14may26_pc_expansion_exp_format_agency_pc_ext_anshumali_raghavxedit_sarkari-loan_hook1,sarkari,sarkari | (untagged),false,live,TOO_YOUNG,₹0.0L
sarkariloan_aadharpeloanxcartoonxsolveexit_aixloanxbankxcreditscore_talkingobject_9feb_creator_expansion_bhaveshxedit_m8.1_hook1_rework_8june_track1,sarkariloan,sarkariloan | (untagged),false,live,TOO_YOUNG,₹0.0L
sarkariloans_generalloan_uglyedit_bhavesh_9mar_faceless_newtopic_hook1,sarkariloans,sarkariloans | (untagged),false,paused,BELOW_SPEND_FLOOR,₹0.0L
seekhokannada_astro_horoscopexdailyxlifexdecisionsxguidance_femalexworkingxlady_face_ai_30dec99_edit_new_agency_shashank_wdm_track336,seekhokannada,seekhokannada | (untagged),false,live,FATIGUED,₹1.2L
seekhokannada_share_stockxmarketxconstructionxworkerxtoxrichxperson_malexsuccessfulxmen_microdrama_cartoonxedit_face_30dec99_rep_hindi_demography anf face_agency_shashank_wdm_track253_27may,seekhokannada,seekhokannada | (untagged),false,live,TOO_YOUNG,₹0.6L
seekhokannada_eng_englishxlearningxdailypracticextoxnaturalxspeaking_malexstudent_face_ai_30dec99_edit_new_agency_shashank_wdm_track337,seekhokannada,seekhokannada | (untagged),false,paused,HEALTHY,₹0.5L
seekhokannada_eng_learnxfluency_educatedxmalexonxstage_slingshot creations_ai_face_21may26_exp_persona_agency_shashank_sling_track337_30may,seekhokannada,seekhokannada | (untagged),false,paused,TOO_YOUNG,₹0.5L
seekhokannada_eng_learnxenglish_roboxteachingxenglish_slingshot creations_ai_face_17may26_rep_hindi_demography_agency_shashank_sling_track337_24may,seekhokannada,seekhokannada | (untagged),false,live,NOT_FATIGUE,₹0.5L
seekhokannada_biz_notexbookxmakingxbusinessxlowxinvestmentxstartup_malexfaceless_asmr_face_22may26_rep_hindi_demography anf face_agency_shashank_wdm_track338_24may,seekhokannada,seekhokannada | (untagged),false,live,NOT_FATIGUE,₹0.4L
seekhokannada_biz_startupxstoryxandxbusinessgrowth_malexbusinessxmen_face_ai_30dec99_edit_new_agency_shashank_wdm_track338,seekhokannada,seekhokannada | (untagged),false,live,HEALTHY,₹0.3L
seekhokannada_astro_goodxtimesxahead_successfulxfemalexstory_slingshot creations_ai_face_04jun26_exp_persona_agency_shashank_sling_track336_05jun,seekhokannada,seekhokannada | (untagged),false,live,TOO_YOUNG,₹0.3L
seekhokannada_eng_speakxfluently_femalexroboxrealxfemalexonxbed_slingshot creations_ai_face_28may26_rep_hindi_demography_agency_shashank_sling_track337_05jun,seekhokannada,seekhokannada | (untagged),false,live,TOO_YOUNG,₹0.2L
seekhokannada_pti_partxtimexincomexonlinexearningxskillxlearning_malexcommonxmen_microdrama_cartoonxedit_face_30dec99_rep_hindi_demography anf face_agency_shashank_wdm_track259_02jun,seekhokannada,seekhokannada | (untagged),false,live,HEALTHY,₹0.2L
seekhokannada_eng_speakxfluently_femalexroboxrealxfemale_slingshot creations_ai_face_27may26_rep_hindi_demography_agency_shashank_sling_track337_02jun,seekhokannada,seekhokannada | (untagged),false,live,HEALTHY,₹0.2L
seekhokannada_biz_startxyourxown_jioxpetrolxpumpxmale_slingshot creations_ai_face_21may26_exp_usecase_agency_shashank_sling_track338_05jun,seekhokannada,seekhokannada | (untagged),false,live,TOO_YOUNG,₹0.2L
seekhokannada_biz_startxbusiness_notebookxbusinessxvo_slingshot creations_microdrama_face_21may26_rep_hindi_demography_agency_shashank_sling_track338_02jun,seekhokannada,seekhokannada | (untagged),false,paused,TOO_YOUNG,₹0.2L
seekhokannada_insta_socialxmediaxcontentxcreatorxinstagramxtips_malexfaceless_faceless_faceless_30may26_rep_hindi_demography anf face_agency_shashank_wdm_track334_02jun,seekhokannada,seekhokannada | (untagged),false,live,HEALTHY,₹0.2L
seekhokannada_share_stockxmarketxriskmanagementxlearningxjourney_femalexteacher_face_ai_30dec99_edit_new_agency_shashank_wdm_track339,seekhokannada,seekhokannada | (untagged),false,paused,HEALTHY,₹0.2L
seekhokannada_eng_confidencexjourneyxenglishxlearning_femalexprofessional_face_ai_30dec99_edit_new_agency_shashank_wdm_track337,seekhokannada,seekhokannada | (untagged),false,live,TOO_YOUNG,₹0.2L
seekhokannada_utilise_dontxwastextime_learnxnewxskills_slingshot creations_microdramaxcartoon_face_28may26_rep_hindi_demography_agency_shashank_sling_track293_05jun,seekhokannada,seekhokannada | (untagged),false,live,TOO_YOUNG,₹0.1L
seekhokannada_insta_instagramxgrowthxlocalxbusinessxmarketing_malexbusinessxmen_ai_face_28may26_rep_hindi_demography anf face_agency_shashank_wdm_track334_30may,seekhokannada,seekhokannada | (untagged),false,live,TOO_YOUNG,₹0.1L
seekhokannada_eng_englishxfluencyxtransformationxforxdailyxcommunication_femalexteacher_face_ai_30dec99_edit_new_agency_shashank_wdm_track337,seekhokannada,seekhokannada | (untagged),false,live,NOT_FATIGUE,₹0.1L
seekhokannada_eng_learnxenglish_womenxlearningxenglish_slingshot creations_ai_face_17may26_rep_hindi_demography_agency_shashank_sling_track337_24may,seekhokannada,seekhokannada | (untagged),false,live,HEALTHY,₹0.1L
seekhokannada_eng_englishxlearningxzeroxtoxconfidencexjourney_femalexhousexwife_microdrama_cartoonxedit_face_30dec99_rep_hindi_demography anf face_agency_shashank_wdm_track255_27may,seekhokannada,seekhokannada | (untagged),false,live,TOO_YOUNG,₹0.1L
seekhokannada_finance_moneyxmanagementxfinancialxdisciplinexwealthxgrowthxskillxmasteryxexpert_malexfaceless_faceless_faceless_03jun26_rep_hindi_demography anf face_agency_shashank_wdm_track335_08jun,seekhokannada,seekhokannada | (untagged),false,live,TOO_YOUNG,₹0.1L
seekhokannada_utilise_successxhabitsxproductivityxskillxdevelopmentxonlinelxlearning_malexyoungxyouth_human_face_04jun26_rep_hindi_demography anf face_agency_shashank_wdm_track293_08jun,seekhokannada,seekhokannada | (untagged),false,live,TOO_YOUNG,₹0.1L
seekhokannada_astro_goodxtimesxahead_successfulxfemalexstory_slingshot creations_ai_face_02jun26_exp_persona_agency_shashank_sling_track336_08jun,seekhokannada,seekhokannada | (untagged),false,live,TOO_YOUNG,₹0.1L
seekhokannada_biz_startupxbusinessxwaterxjarxproductionxprofitxcalculationxexpert_malexfaceless_ai_face_02jun26_rep_hindi_demography anf face_agency_shashank_wdm_track338_08jun,seekhokannada,seekhokannada | (untagged),false,live,TOO_YOUNG,₹0.1L
seekhokannada_utilise_consumingxcontentxvsxearningxmoney_femalexyoungxlady_ai_face_15may26_rep_hindi_demography anf face_agency_shashank_wdm_track261_08jun,seekhokannada,seekhokannada | (untagged),false,live,TOO_YOUNG,₹0.1L
seekhokannada_share_stockxmarketxbeginnerxmistakesxwealthxcreationxstopxscrollingxskillxlearningxexpert_malexfaceless_faceless_faceless_04jun26_rep_hindi_demography anf face_agency_shashank_wdm_track339_08jun,seekhokannada,seekhokannada | (untagged),false,live,TOO_YOUNG,₹0.1L
seekhokannada_eng_speakxfluently_roboxtalkingxelectionxmeeting_slingshot creations_ai_face_28may26_rep_hindi_demography_agency_shashank_sling_track337_08jun,seekhokannada,seekhokannada | (untagged),false,live,TOO_YOUNG,₹0.1L
seekhokannada_utilise_moneyxmakingxscrollingxaddictionxpassivexincomexskillxdevelopmentxexpert_malexyouth_human_face_04jun26_rep_hindi_demography anf face_agency_shashank_wdm_track293_08jun,seekhokannada,seekhokannada | (untagged),false,live,TOO_YOUNG,₹0.1L
seekhokannada_eng_speakxfluently_femalexroboxrealxfemalexsleeping_slingshot creations_ai_face_28may26_rep_hindi_demography_agency_shashank_sling_track337_08jun,seekhokannada,seekhokannada | (untagged),false,live,TOO_YOUNG,₹0.1L
seekhokannada_eng_selfximprovementxenglishxcareerxopportunities_malexlearner_ai_face_15may26_exp_hook_agency_shashank_wdm_track255_08jun,seekhokannada,seekhokannada | (untagged),false,live,TOO_YOUNG,₹0.1L
seekhokannada_share_learnxstocks_fromxexpertsxpleasantxvisuals_slingshot creations_asmrxai_faceless_27may26_rep_hindi_demography_agency_shashank_sling_track339_08jun,seekhokannada,seekhokannada | (untagged),false,live,TOO_YOUNG,₹0.1L
seekhokannada_biz_startxnew_successfulxvegetablexvendorxfemale_slingshot creations_microdrama_face_24may26_exp_hook_agency_shashank_sling_track338_08jun,seekhokannada,seekhokannada | (untagged),false,live,TOO_YOUNG,₹0.1L
seekhokannada_biz_tailoringxbusinessxgrowthxwomenxentrepreneurxfinancialxindependence_femalexentrepreneur_human_face_04jun26_rep_hindi_demography anf face_agency_shashank_wdm_track338_08jun,seekhokannada,seekhokannada | (untagged),false,live,TOO_YOUNG,₹0.1L
seekhokannada_eng_englishxfluencyxchallengexzeroxtoxconfidence_femalexoldxlady_face_ai_30dec99_edit_new_agency_shashank_wdm_track337,seekhokannada,seekhokannada | (untagged),false,live,BELOW_SPEND_FLOOR,₹0.0L
seekhokannada_astro_astrologyxfinancialxproblemsxgrahaxpositionxwealthxguidancexexpert_malexyouth_human_face_04jun26_exp_script_agency_shashank_wdm_track336_08jun,seekhokannada,seekhokannada | (untagged),false,live,TOO_YOUNG,₹0.0L
seekhokannada_share_personalxloanxeasyxapprovalxfinancialxsupportxskillxlearning_malexyoungxmen_human_face_04jun26_exp_script_agency_shashank_wdm_track339_08jun,seekhokannada,seekhokannada | (untagged),false,live,TOO_YOUNG,₹0.0L
seekhokannada_share_learnxstocks_pleasingxvisuals_slingshot creations_asmrxai_faceless_27may26_rep_hindi_demography_agency_shashank_sling_track339_08jun,seekhokannada,seekhokannada | (untagged),false,live,TOO_YOUNG,₹0.0L
seekhokannada_finance_learnxincomexgrowthxskills_housexconstructionxasmr_slingshot creations_asmrxai_faceless_02jun26_rep_hindi_demography_agency_shashank_sling_track335_08jun,seekhokannada,seekhokannada | (untagged),false,live,TOO_YOUNG,₹0.0L
seekhokannada_utilise_learnxnewxskills_engineerxspeaking_slingshot creations_ai_face_02jun26_rep_hindi_demography_agency_shashank_sling_track293_08jun,seekhokannada,seekhokannada | (untagged),false,live,TOO_YOUNG,₹0.0L
seekhokannada_utilise_learnxnewxskills_mudxhousexconstruction_slingshot creations_asmrxai_face_28may26_exp_profile_agency_shashank_sling_track293_08jun,seekhokannada,seekhokannada | (untagged),false,live,TOO_YOUNG,₹0.0L
seekhokannada_biz_startxbusiness_solarxbusinessxpanel_slingshot creations_microdramaxcartoon_faceless_24may26_exp_persona_agency_shashank_sling_track338_08jun,seekhokannada,seekhokannada | (untagged),false,live,TOO_YOUNG,₹0.0L
seekhokannada_share_learnxstocks_matxcleaningxvisual_slingshot creations_asmrxai_faceless_24may26_exp_visual_agency_shashank_sling_track339_08jun,seekhokannada,seekhokannada | (untagged),false,live,TOO_YOUNG,₹0.0L
seekhokannada_biz_solarxpanelxbusinessxgovernmentxschemexsubsidyxprofitxexpertxhighxincome_malexyoungxyouth_human_face_04jun26_rep_hindi_demography anf face_agency_shashank_wdm_track338_08jun,seekhokannada,seekhokannada | (untagged),false,live,TOO_YOUNG,₹0.0L
seekhokannada_eng_englishxskillsxcareerxpersonalityxdevelopment_malexlearner_human_face_30may26_exp_script_agency_shashank_wdm_track337_08jun,seekhokannada,seekhokannada | (untagged),false,live,TOO_YOUNG,₹0.0L
seekhokannada_finance_learnxincomexgrowthxskills_spendx5xminsxdaily_slingshot creations_asmrxai_faceless_02jun26_rep_hindi_demography_agency_shashank_sling_track335_08jun,seekhokannada,seekhokannada | (untagged),false,live,TOO_YOUNG,₹0.0L
seekhokannada_share_learnxinvesting_sharexmarketxtips_slingshot creations_ai_face_21may26_rep_hindi_demography_agency_shashank_sling_track339_30may,seekhokannada,seekhokannada | (untagged),false,paused,TOO_YOUNG,₹0.0L
seekhokannada_eng_englishxmasteryxfromxbeginnerxtoxadvancedxspeaker_malexprofessional_face_ai_30dec99_edit_new_agency_shashank_wdm_track337,seekhokannada,seekhokannada | (untagged),false,paused,TOO_YOUNG,₹0.0L
seekhokannada_eng_productivityxlearningxenglishxskills_femalexyoungxlady_human_face_29may26_exp_script_agency_shashank_wdm_track337_08jun,seekhokannada,seekhokannada | (untagged),false,live,TOO_YOUNG,₹0.0L
seekhomalayalam_share_stockxmarketxinvestingxtradingxsidexincomexfinancialxfreedomxsuccessxstory_femalexyoungxwomen_ai_splitxscreen_30dec99_rep_hindi_demography anf face_agency_shashank_wdm_track326_10may,seekhomalayalam,seekhomalayalam | (untagged),false,live,HEALTHY,₹3.7L
seekhomalayalam_finance_financialxfreedomxloanxcibilxscorexpartxtimexincomelearningsxsuccessxstory_malexfaceless_asmrxai_face_30dec99_exp_demography_agency_shashank_wdm_track329_10may,seekhomalayalam,seekhomalayalam | (untagged),false,live,HEALTHY,₹1.6L
seekhomalayalam_share_peerxpressurexsuccessxsharexmarketxbasicsxpassivexincomexexpert_malexyoung_asmr_ai_faceless_27may26_rep_hindi_demography anf face_agency_shashank_wdm_track326_30may,seekhomalayalam,seekhomalayalam | (untagged),false,live,HEALTHY,₹1.3L
seekhomalayalam_share_learnxstocks_femalexexplanationxtemplexrun_slingshot creations_ai_splitxscreen_24may26_exp_persona_agency_shashank_sling_track326_02jun,seekhomalayalam,seekhomalayalam | (untagged),false,live,HEALTHY,₹1.1L
sarkari_kaam_seekhomalayalam_governmentxservicesxdrivingxlicensexskipxagentsxexpertxlearning_malexyoungxactor_human_face_30dec99_new_new_agency_shashank_wdm_track294_15may,seekhomalayalam,seekhomalayalam | (untagged),false,live,FATIGUED,₹1.1L
seekhomalayalam_biz_startxbusiness_notebookxbusinessxvo_slingshot creations_microdrama_face_21may26_rep_hindi_demography_agency_shashank_sling_track331_02jun,seekhomalayalam,seekhomalayalam | (untagged),false,live,FATIGUED,₹1.0L
seekhomalayalam_eng_spokenxenglishxlearningxaixcoachxpracticexskillxdevelopment_femalexyoungxwomen_ai_face_30dec99_exp_persona_agency_shashank_wdm_track330_10may,seekhomalayalam,seekhomalayalam | (untagged),false,live,WATCH,₹1.0L
utilise_seekhomalayalam_successxhabitsxproductivityxskillxdevelopmentxonlinelxlearning_malexfaceless_ai_faceless_14may26_rep_hindi_hook_agency_shashank_wdm_track294_18may,seekhomalayalam,seekhomalayalam | (untagged),false,live,FATIGUED,₹1.0L
eng_seekhomalayalam_learnxenglish_roboxteachingxenglish_slingshot creations_ai_face_17may26_rep_hindi_demography_agency_shashank_sling_track265_21may,seekhomalayalam,seekhomalayalam | (untagged),false,paused,NOT_FATIGUE,₹0.7L
seekhomalayalam_eng_learnxfluency_successfulxfemale_slingshot creations_ai_face_21may26_exp_persona_agency_shashank_sling_track330_27may,seekhomalayalam,seekhomalayalam | (untagged),false,live,NOT_FATIGUE,₹0.6L
seekhomalayalam_share_stockxmarketxfinancialxfreedomxsuccessxstoryxinvestingxsidexincome_malexyoungxactor_human_face_19may26_rep_hindi_demography_agency_shashank_wdm_track326_24may,seekhomalayalam,seekhomalayalam | (untagged),false,live,HEALTHY,₹0.6L
seekhomalayalam_eng_spokenxenglishxlearningxfluencyxskillxdevelopmentxconfidencexbuilding_femalexyoungxactor_human_face_27may26_rep_hindi_script_agency_shashank_wdm_track330_02jun,seekhomalayalam,seekhomalayalam | (untagged),false,live,HEALTHY,₹0.5L
seekhomalayalam_eng_learnxenglish_femalexroboxteachingxenglish_slingshot creations_ai_face_17may26_rep_hindi_demography_agency_shashank_sling_track330_27may,seekhomalayalam,seekhomalayalam | (untagged),false,live,HEALTHY,₹0.5L
seekhomalayalam_share_stockxmarketxfinancialxfreedomxsuccessxstoryxinvestingxsidexincome_malexyoungxactor_human_splitxscreen_15may26_rep_hindi_demography anf face_agency_shashank_wdm_track326_24may,seekhomalayalam,seekhomalayalam | (untagged),false,live,NOT_FATIGUE,₹0.4L
seekhomalayalam_biz_startxbusiness_solarxpanelxcleaningxbusiness_slingshot creations_microdramaxcartoon_face_21may26_rep_hindi_demography_agency_shashank_sling_track331_27may,seekhomalayalam,seekhomalayalam | (untagged),false,live,NOT_FATIGUE,₹0.4L
seekhomalayalam_eng_speakxfluently_femalexroboxrealxfemale_slingshot creations_ai_face_28may26_rep_hindi_demography_agency_shashank_sling_track330_05jun,seekhomalayalam,seekhomalayalam | (untagged),false,live,TOO_YOUNG,₹0.4L
seekhomalayalam_sarkari_kaam_bookxtatkalxticket_manxaskingxwomen_slingshot creations_ai_face_17may26_rep_hindi_demography_agency_shashank_sling_track1_21may,seekhomalayalam,seekhomalayalam | (untagged),false,paused,WATCH,₹0.4L
share_seekhomalayalam_stockxmarketxinvestmentxwealthxbuildingxanalysisxfinancexliteracy_malexyoungxactors_human_face_9th may _new_new_agency_shashank_wdm_track326_15may,seekhomalayalam,seekhomalayalam | (untagged),false,live,WATCH,₹0.4L
seekhomalayalam_share_learnxinvesting_candlexexplainxinvestingxterms_slingshot creations_microdramaxcartoon_faceless_17may26_rep_hindi_demography_agency_shashank_sling_track269_21may,seekhomalayalam,seekhomalayalam | (untagged),false,live,NOT_FATIGUE,₹0.4L
seekhomalayalam_biz_waterxjarxbusinessxhighxprofitxlowxinvestmentxbusinessxideasxexpert_malexyoung_asmr_faceless_03jun26_rep_hindi_demography anf face_agency_shashank_wdm_track331_05jun,seekhomalayalam,seekhomalayalam | (untagged),false,live,TOO_YOUNG,₹0.3L
seekhomalayalam_share_peerxpressurextoxsuccessxsharexmarketxbasicsxpassivexincomexexpert_malexyoung_asmr_ai_faceless_21may26_rep_hindi_face_agency_shashank_wdm_track326_24may,seekhomalayalam,seekhomalayalam | (untagged),false,live,HEALTHY,₹0.3L
share_seekhomalayalam_learnxstocks_ai_face_14may26_edit__agency_shashank_wdm_track326,seekhomalayalam,seekhomalayalam | (untagged),false,live,HEALTHY,₹0.3L
finance_seekhomalayalam_malexstressedx_ai_face_14may26_edit__agency_shashank_wdm_track329,seekhomalayalam,seekhomalayalam | (untagged),false,live,WATCH,₹0.3L
seekhomalayalam_biz_paperxplatexbusinessxwomenxentrepreneurxhomexbusinessxlowxinvestmentxselfxreliance_womenxentrepreneur_human_face_29may26_exp_demography anf face_agency_shashank_wdm_track331_30may,seekhomalayalam,seekhomalayalam | (untagged),false,live,NOT_FATIGUE,₹0.3L
seekhomalayalam_utilise_cookxtoxcloudxkitchenxownerxzeroxinvestmentxbusinessxsuccessxexpert_male_microdrama_cartoonxedit_face_21may26_rep_hindi_demography_agency_shashank_wdm_track294_05jun,seekhomalayalam,seekhomalayalam | (untagged),false,live,TOO_YOUNG,₹0.3L
seekhomalayalam_biz_becomexgovernmentxcontractorxsmallxtenderxbusinessxlicensexprocessxexpert_malexyoung_microdrama_cartoonxedit_face_29may26_rep_hindi_demography_agency_shashank_wdm_track331_30may,seekhomalayalam,seekhomalayalam | (untagged),false,live,TOO_YOUNG,₹0.3L
eng_seekhomalayalam_spokenxenglishxexpertxlearningxselfxdevolepment_ai_face_14may26_edit__agency_shashank_wdm_track330,seekhomalayalam,seekhomalayalam | (untagged),false,live,WATCH,₹0.3L
seekhomalayalam_share_learnxbasicxriskxmanagementxsharexmarket_asmr_faceless_29may26_rep_hindi_demography_agency_shashank_wdm_track326_02jun,seekhomalayalam,seekhomalayalam | (untagged),false,live,HEALTHY,₹0.2L
seekhomalayalam_share_successxstoryxinspirationxstockxmarketxinvestingxsidexincome_malexworker_ai_splitxscreen_30dec99_exp_demography anf face_agency_shashank_wdm_track326_10may,seekhomalayalam,seekhomalayalam | (untagged),false,live,HEALTHY,₹0.2L
seekhomalayalam_astro_astrologyxremediesxsidexincomeinvestmentxtipsxlifestylexchangexdebtxfreedomxpersonalxtransformation_malexyoungxman_human_face_29may26_exp_script_agency_shashank_wdm_track332_02jun,seekhomalayalam,seekhomalayalam | (untagged),false,live,HEALTHY,₹0.2L
seekhomalayalam_share_stockxmarketxtradingxtipsxfinancialxdisciplinexriskxmanagementxknowledge_malexyoungxman_human_face_19may26_rep_hindi_demography anf face_agency_shashank_wdm_track326_27may,seekhomalayalam,seekhomalayalam | (untagged),false,live,HEALTHY,₹0.2L
seekhomalayalam_eng_grandmotherxsuccessxstoryxlearnxenglishxforxtravelxvisaxinterviewxexpert_female_ai_face_29may26_rep_hindi_demography anf face_agency_shashank_wdm_track330_30may,seekhomalayalam,seekhomalayalam | (untagged),false,paused,TOO_YOUNG,₹0.1L
seekhomalayalam_finance_wealthxbuildingxproductivexhabitsxtimexvaluexfinancialxeducationxexpert_malexyoung_asmr_faceless_02jun26_rep_hindi_demography_agency_shashank_wdm_track329_05jun,seekhomalayalam,seekhomalayalam | (untagged),false,live,TOO_YOUNG,₹0.1L
eng_seekhomalayalam_malexstudent_ai_face_14may26_edit__agency_shashank_wdm_track330,seekhomalayalam,seekhomalayalam | (untagged),false,paused,FATIGUED,₹0.1L
seekhomalayalam_finance_personalxfinancexinstantxloanxcibilxscorexpartxtimexincomexfinancialxliteracy_malexyoungxactor_human_face_03jun26_exp_script_agency_shashank_wdm_track329_05jun,seekhomalayalam,seekhomalayalam | (untagged),false,live,TOO_YOUNG,₹0.1L
eng_seekhomalayalam_femalexspeech_ai_face_14may_edit__agency_shashank_wdm_track330,seekhomalayalam,seekhomalayalam | (untagged),false,live,NOT_FATIGUE,₹0.1L
seekhomalayalam_share_financialxfreedomxstockxmarketxsalaryxgrowthxsidexhustlexexpert_malexyoung_asmr_faceless_02jun26_rep_hindi_demography anf face_agency_shashank_wdm_track326_05jun,seekhomalayalam,seekhomalayalam | (untagged),false,live,TOO_YOUNG,₹0.1L
seekhomalayalam_share_stockxmarketxtradingxoptionsxfuturesxwomenxempowermentxsidexincomefinancialxliteracy_femalexyoungxwomen_human_face_03jun26_exp_demography anf face_agency_shashank_wdm_track326_05jun,seekhomalayalam,seekhomalayalam | (untagged),false,live,TOO_YOUNG,₹0.1L
seekhomalayalam_share_learnxinvesting_sharexmarketxvo_slingshot creations_microdramaxcartoon_face_17may26_rep_hindi_demography_agency_shashank_sling_track326_24may,seekhomalayalam,seekhomalayalam | (untagged),false,paused,HEALTHY,₹0.1L
seekhomalayalam_insta_getxviewsxonxinsta_instagramxtipsxforxviews_slingshot creations_microdrama_faceless_21may26_rep_hindi_demography_agency_shashank_sling_track328_08jun,seekhomalayalam,seekhomalayalam | (untagged),false,live,TOO_YOUNG,₹0.0L
seekhomalayalam_utilise_knowxyourxworth_learnxnewxskillsxmalexexplanation_slingshot creations_ai_face_28may26_rep_hindi_demography_agency_shashank_sling_track294_08jun,seekhomalayalam,seekhomalayalam | (untagged),false,live,TOO_YOUNG,₹0.0L
seekhomalayalam_insta_instagramxgrowthxlocalxbusinessxrevivalxdigitalxmarketingxsuccessxstory_malexsonxandxfather_microdrama_cartoonxedit_face_02jun26_rep_hindi_demography_agency_shashank_wdm_track328_08jun,seekhomalayalam,seekhomalayalam | (untagged),false,live,TOO_YOUNG,₹0.0L
seekhomalayalam_insta_instagramxreachxfixxalgorithmxinsightsxengagementxboostxcontentxstrategy_malexyoung_ai_face_02jun26_rep_hindi_demography_agency_shashank_wdm_track328_08jun,seekhomalayalam,seekhomalayalam | (untagged),false,live,TOO_YOUNG,₹0.0L
seekhomalayalam_utilise_startxyourxdream_businessxideasxmale_slingshot creations_ai_splitxscreen_24may26_exp_hook_agency_shashank_sling_track294_08jun,seekhomalayalam,seekhomalayalam | (untagged),false,live,TOO_YOUNG,₹0.0L
seekhomalayalam_insta_instagramxstoryxideasxviralxgrowthxsecretsxskillxdevelopmentxexpert_malexyoung_vo_faceless_29may26_rep_hindi_demography anf face_agency_shashank_wdm_track328_08jun,seekhomalayalam,seekhomalayalam | (untagged),false,live,TOO_YOUNG,₹0.0L
seekhomalayalam_eng_speakxfluently_femalexroboxrealxfemalexsleeping_slingshot creations_ai_face_28may26_rep_hindi_demography_agency_shashank_sling_track330_08jun,seekhomalayalam,seekhomalayalam | (untagged),false,live,TOO_YOUNG,₹0.0L
seekhomalayalam_eng_speakxfluently_femalexroboxrealxfemalexonxbed_slingshot creations_ai_face_28may26_rep_hindi_demography_agency_shashank_sling_track330_08jun,seekhomalayalam,seekhomalayalam | (untagged),false,live,TOO_YOUNG,₹0.0L
seekhomalayalam_eng_spokenxenglishxfluencyxconfidencexbuildingxskillxdevelopmentxindependentxlearning_femalexvoicexrobot_ai_face_02jun26_rep_hindi_demography anf face_agency_shashank_wdm_track330_08jun,seekhomalayalam,seekhomalayalam | (untagged),false,live,TOO_YOUNG,₹0.0L
seekhomalayalam_utilise_dontxwastextime_learnxnewxskills_slingshot creations_ai_face_28may26_rep_hindi_demography_agency_shashank_sling_track294_08jun,seekhomalayalam,seekhomalayalam | (untagged),false,live,TOO_YOUNG,₹0.0L
seekhomalayalam_eng_spokenxenglishxfluencyxseniorxcitizenxempowermentxovercomingxfearxairportximmigration_femalexoldxlady_ai_face_02jun26_rep_hindi_demography anf face_agency_shashank_wdm_track330_08jun,seekhomalayalam,seekhomalayalam | (untagged),false,live,TOO_YOUNG,₹0.0L
seekhomalayalam_biz_waterxjarxbusinessxhighxprofitxlowxinvestmentxbusinessxideasxexpert_malexyoung_asmr_ai_face_29may26_rep_hindi_demography_agency_shashank_wdm_track331_08jun,seekhomalayalam,seekhomalayalam | (untagged),false,live,TOO_YOUNG,₹0.0L
seekhomalayalam_utilise_learnxnewxskills_femalexdesignerxgarment _slingshot creations_ai_face_24may26_exp_visual_agency_shashank_sling_track294_08jun,seekhomalayalam,seekhomalayalam | (untagged),false,live,TOO_YOUNG,₹0.0L
seekhomalayalam_share_learnxstocks_femalexexplanation_slingshot creations_ai_splitxscreen_04jun26_exp_persona_agency_shashank_sling_track326_08jun,seekhomalayalam,seekhomalayalam | (untagged),false,live,TOO_YOUNG,₹0.0L
seekhomalayalam_utilise_learnxnewxskills_malexexplanation_slingshot creations_ai_face_24may26_exp_hook_agency_shashank_sling_track294_08jun,seekhomalayalam,seekhomalayalam | (untagged),false,live,TOO_YOUNG,₹0.0L
seekhomalayalam_eng_spokenxenglishxlearningxcasualxconversationxpeertoxpeerxconfidencexbuilding_femalexyoungxwomenxandxmen_human_face_03jun26_exp_script_agency_shashank_wdm_track330_08jun,seekhomalayalam,seekhomalayalam | (untagged),false,live,TOO_YOUNG,₹0.0L
seekhomalayalam_share_earnxsidexincome_sucessfulxfemalexstocks_slingshot creations_microdrama_splitxscreen_28may26_exp_persona_agency_shashank_sling_track326_08jun,seekhomalayalam,seekhomalayalam | (untagged),false,live,TOO_YOUNG,₹0.0L
seekhomalayalam_biz_businessxideaxpaperxplatexbusinessxsuccessxstoryxlowxinvestmentxselfxemployment_malexyoungxman_human_face_03jun26_exp_script_agency_shashank_wdm_track331_08jun,seekhomalayalam,seekhomalayalam | (untagged),false,live,TOO_YOUNG,₹0.0L
seekhomalayalam_biz_learnxstocks_malexexplanationxtemplexrun_slingshot creations_ai_splitxscreen_24may26_exp_persona_agency_shashank_sling_track331_08jun,seekhomalayalam,seekhomalayalam | (untagged),false,live,TOO_YOUNG,₹0.0L
seekhomalayalam_share_learnxstocks_malexexplanation_slingshot creations_microdrama_splitxscreen_04jun26_exp_persona_agency_shashank_sling_track326_08jun,seekhomalayalam,seekhomalayalam | (untagged),false,live,TOO_YOUNG,₹0.0L
seekhomalayalam_biz_notebookxmakingxbizxlowxinvestmentxstartupxideasxb2bxcontractsxmoneyxmakingxtips_malexfaceless_asmr_ai_faceless_21may26_rep_hindi_demography anf face_agency_shashank_wdm_track331_08jun,seekhomalayalam,seekhomalayalam | (untagged),false,live,TOO_YOUNG,₹0.0L
seekhomalayalam_biz_learnxsharexmarket_avoidxmistakes_slingshot creations_ai_face_24may26_exp_hook_agency_shashank_sling_track331_08jun,seekhomalayalam,seekhomalayalam | (untagged),false,live,TOO_YOUNG,₹0.0L
seekhomalayalam_share_learnxinvesting_sharexmarketxxvo_slingshot creations_ai_faceless_04jun26_rep_hindi_demography_agency_shashank_sling_track326_08jun,seekhomalayalam,seekhomalayalam | (untagged),false,live,TOO_YOUNG,₹0.0L
seekhomalayalam_finance_financialxfreedom_partxtimexincomexcookingxvisual_slingshot creations_asmrxai_faceless_04jun26_exp_visual_agency_shashank_sling_track329_08jun,seekhomalayalam,seekhomalayalam | (untagged),false,live,TOO_YOUNG,₹0.0L
seekhotamil_biz_sharexmarketxinvestingxguide_malexadvisor_human_splitxscreen_22nd may_rep_telugu_hook_agency_shashank_wdm_track187_24may,seekhotamil,seekhotamil | (untagged),false,paused,NOT_FATIGUE,₹0.7L
seekhotamil_utilise_utilisextimexmoneyxmanagementxhacks_malexadvisor_human_face_28th may_rep_hindi_hook_agency_shashank_wdm_track185_30may,seekhotamil,seekhotamil | (untagged),false,live,HEALTHY,₹0.7L
seekhotamil_arasu_aadhaarxupdatexonlinexprocessxguidance_malexpolitician_ai_face_30dec99_edit__agency_shashank_wdm_track209,seekhotamil,seekhotamil | (untagged),false,live,FATIGUED,₹0.6L
seekhotamil_share_knowxstrategy_sharexmarketxguidexonlinexvoxmale_talkingxobj_face_25may26_rep_hindi_demography_agency_shashank_creatovate_track213_30may,seekhotamil,seekhotamil | (untagged),false,live,HEALTHY,₹0.6L
seekhotamil_eng_learnxtranslationxenglishxdaily_femalexrobotxmale_ai_face_30dec99_edit__agency_shashank_wdm_track186,seekhotamil,seekhotamil | (untagged),false,live,HEALTHY,₹0.5L
seekhotamil_share_astrologyxpersonalxgrowth_female_human_face_22nd may_rep_telugu_demography and face_agency_shashank_wdm_track213_24may,seekhotamil,seekhotamil | (untagged),false,paused,HEALTHY,₹0.5L
seekhotamil_arasu_doxitxonline_givtxservicesxfemalexpressxmeet_ai_face_28may26_exp_persona_agency_shashank_sling_track209_02jun,seekhotamil,seekhotamil | (untagged),false,live,NOT_FATIGUE,₹0.4L
seekhotamil_astro_astrologyxfactsxfinancialxrecoveryxtips_male_human_face_29th may_exp_script_agency_shashank_wdm_track210_02jun,seekhotamil,seekhotamil | (untagged),false,live,HEALTHY,₹0.4L
seekhotamil_eng_realityxshowxenglishxlearner_judgexkid_ai_face_30dec99_edit__agency_shashank_wdm_track186,seekhotamil,seekhotamil | (untagged),false,live,HEALTHY,₹0.4L
seekhotamil_eng_englishxlearningxspokenxenglishxguide_oldxagexfemalexmalexyoungxboy_ai_face_27th may_rep_hindi_script_agency_shashank_wdm_track186_02jun,seekhotamil,seekhotamil | (untagged),false,live,HEALTHY,₹0.3L
seekhotamil_biz_startxbusiness_manxtalkingxinxinterview_ai_face_17may26_rep_hindi_demography_agency_shashank_sling_track187_27may,seekhotamil,seekhotamil | (untagged),false,live,HEALTHY,₹0.3L
seekhotamil_share_stockxmarketxforxbeginnersxtradingxsecrets_male_human_face_29th may_exp_script_agency_shashank_wdm_track213_02jun,seekhotamil,seekhotamil | (untagged),false,live,FATIGUED,₹0.3L
seekhotamil_eng_speakxfluently_roboxtalkingxelectionxmeeting_ai_face_28may26_rep_hindi_demography_agency_shashank_sling_track186_05jun,seekhotamil,seekhotamil | (untagged),false,live,TOO_YOUNG,₹0.2L
seekhotamil_arasu_drivingxlicensexprocess_femalexmale_human_face_30dec99_edit__agency_shashank_wdm_track209,seekhotamil,seekhotamil | (untagged),false,live,HEALTHY,₹0.2L
seekhotamil_share_candlexsticks_2_interviewxformat_human_face_30dec99_edit__agency_shashank_wdm_track213,seekhotamil,seekhotamil | (untagged),false,live,HEALTHY,₹0.2L
seekhotamil_biz_businessxideasxskillxdevelopmentxcareerxgrowth_malexconstructionxworker_microdrama_cartoonxedit_face_28th may_rep_hindi_hook_agency_shashank_wdm_track187_05jun,seekhotamil,seekhotamil | (untagged),false,live,TOO_YOUNG,₹0.2L
seekhotamil_finance_learnxincomexgrowthxskills_housexconstructionxasmr_asmrxai_faceless_03jun26_rep_hindi_demography_agency_shashank_sling_track215_05jun,seekhotamil,seekhotamil | (untagged),false,live,TOO_YOUNG,₹0.2L
seekhotamil_arasu_bookxtatkalxticket_manxaskingxwomen_ai_face_17may26_rep_hindi_demography_agency_shashank_sling_track209_24may,seekhotamil,seekhotamil | (untagged),false,live,HEALTHY,₹0.1L
seekhotamil_eng_speakxfluently_femalexroboxrealxfemalexsleeping_ai_face_28may26_rep_hindi_demography_agency_shashank_sling_track186_05jun,seekhotamil,seekhotamil | (untagged),false,live,TOO_YOUNG,₹0.1L
seekhotamil_eng_speakxenglishxconfidentlyxdailyx10xminxpractice_human_face_30dec99_edit__agency_shashank_wdm_track186,seekhotamil,seekhotamil | (untagged),false,paused,HEALTHY,₹0.1L
seekhotamil_eng_speakxconfidently_youngxfemalexelderxwoman_microdrama_face_28may26_rep_hindi_demography_agency_shashank_sling_track186_08jun,seekhotamil,seekhotamil | (untagged),false,live,TOO_YOUNG,₹0.1L
seekhotamil_share_stockxmarketxvsxgamblingxinvestingxtips_male_vo_faceless_05jun26_rep_hindi_hook_agency_shashank_wdm_track213_08jun,seekhotamil,seekhotamil | (untagged),false,live,TOO_YOUNG,₹0.1L
seekhotamil_share_stockxmarketxtradingxsidexincomexfinancialxsuccess_youngxandxelderxbrother_asmr_faceless_05jun26_rep_hindi_hook_agency_shashank_wdm_track213_08jun,seekhotamil,seekhotamil | (untagged),false,live,TOO_YOUNG,₹0.1L
seekhotamil_eng_smartxenglishxlearningxfluencyxhacks_male_human_face_05jun26_exp_script_agency_shashank_wdm_track186_08jun,seekhotamil,seekhotamil | (untagged),false,live,TOO_YOUNG,₹0.1L
seekhotamil_eng_learnxenglishxquickxhacks_female_ai_face_05jun26_rep_hindi_hook_agency_shashank_wdm_track186_08jun,seekhotamil,seekhotamil | (untagged),false,live,TOO_YOUNG,₹0.1L
seekhotamil_share_learnxstocks_breakingxnewsxfemalexreporter_ai_face_28may26_rep_hindi_demography_agency_shashank_sling_track213_08jun,seekhotamil,seekhotamil | (untagged),false,live,TOO_YOUNG,₹0.1L
seekhotamil_utilise_utilisextimexmobilexsidexincome_male_human_face_05jun26_rep_hindi_hook_agency_shashank_wdm_track185_08jun,seekhotamil,seekhotamil | (untagged),false,live,TOO_YOUNG,₹0.1L
seekhotamil_utilise_utilisextimexskillxdevelopmentxdigitalxlearning_male_human_face_05jun26_rep_hindi_hook_agency_shashank_wdm_track185_08jun,seekhotamil,seekhotamil | (untagged),false,live,TOO_YOUNG,₹0.1L
seekhotamil_eng_speakxfluently_femalexroboxrealxfemale_ai_face_28may26_rep_hindi_demography_agency_shashank_sling_track186_08jun,seekhotamil,seekhotamil | (untagged),false,live,TOO_YOUNG,₹0.1L
seekhotamil_eng_englishxlearningxhabitsxdailyxroutine_female_human_face_05jun26_exp_script_agency_shashank_wdm_track186_08jun,seekhotamil,seekhotamil | (untagged),false,live,TOO_YOUNG,₹0.1L
seekhotamil_utilise_utilisextimexmoneyxmanagementxhacks_malexadvisor_human_face_05jun26_rep_hindi_hook_agency_shashank_wdm_track185_08jun,seekhotamil,seekhotamil | (untagged),false,live,TOO_YOUNG,₹0.1L
seekhotamil_share_learnxinvesting_brothersxinvestingxinxsharesxvo_asmrxai_faceless_03jun26_rep_hindi_demography_agency_shashank_sling_track213_08jun,seekhotamil,seekhotamil | (untagged),false,live,TOO_YOUNG,₹0.1L
seekhotamil_share_learnxstocks_femalexexplanationxtemplexrun_ai_splitxscreen_24may26_exp_persona_agency_shashank_sling_track213_08jun,seekhotamil,seekhotamil | (untagged),false,live,TOO_YOUNG,₹0.1L
seekhotamil_utilise_learnxnewxskills_housexrenovationxasmr_asmrxai_faceless_22may26_exp_visual_agency_shashank_sling_track185_08jun,seekhotamil,seekhotamil | (untagged),false,live,TOO_YOUNG,₹0.1L
seekhotamil_astro_astrologyxunderstandingxlifexsetbackxhacks_male_human_face_05jun26_exp_script_agency_shashank_wdm_track210_08jun,seekhotamil,seekhotamil | (untagged),false,live,TOO_YOUNG,₹0.1L
seekhotamil_utilise_startxbusiness_chefxmakingxbiryani_microdrama_faceless_22may26_rep_telugu_demography_agency_shashank_sling_track185_08jun,seekhotamil,seekhotamil | (untagged),false,live,TOO_YOUNG,₹0.1L
seekhotamil_biz_businessxgrowthxbeautyxparlourxtips_femalexentrepreneur_human_face_05jun26_rep_hindi_hook_agency_shashank_wdm_track187_08jun,seekhotamil,seekhotamil | (untagged),false,live,TOO_YOUNG,₹0.1L
seekhotamil_biz_businessxideasxmanufacturingxwaterjar_male_human_face_05jun26_rep_hindi_hook_agency_shashank_wdm_track187_08jun,seekhotamil,seekhotamil | (untagged),false,live,TOO_YOUNG,₹0.1L
seekhotamil_insta_goxviral_algorithmxstrategy_microdrama_faceless_28may26_rep_hindi_demography_agency_shashank_sling_track211_08jun,seekhotamil,seekhotamil | (untagged),false,live,TOO_YOUNG,₹0.0L
seekhotamil_biz_startxyourxdream_businessxideasxmale_ai_splitxscreen_24may26_exp_hook_agency_shashank_sling_track187_08jun,seekhotamil,seekhotamil | (untagged),false,live,TOO_YOUNG,₹0.0L
seekhotamil_arasu_governmentxonlinexservicesxsmartxdigitalxpaperwork_male_human_face_05jun26_exp_script_agency_shashank_wdm_track209_08jun,seekhotamil,seekhotamil | (untagged),false,live,TOO_YOUNG,₹0.0L
seekhotamil_arasu_aadharxupdate_malexfriend_human_face_30dec99_edit__agency_shashank_wdm_track209,seekhotamil,seekhotamil | (untagged),false,paused,BELOW_SPEND_FLOOR,₹0.0L
seekhotamil_finance_screenxtimexvsxbankxbalancexfinancexhacks_male_asmr_faceless_05jun26_rep_hindi_hook_agency_shashank_wdm_track215_08jun,seekhotamil,seekhotamil | (untagged),false,live,TOO_YOUNG,₹0.0L
seekhotamil_finance_screenxtimexvsxbankxbalancexfinancexhacks_male_human_face_05jun26_rep_hindi_hook_agency_shashank_wdm_track215_08jun,seekhotamil,seekhotamil | (untagged),false,live,TOO_YOUNG,₹0.0L
seekhotamil_biz_startxnew_successfulxvegetablexvendorxfemale_microdrama_face_24may26_exp_hook_agency_shashank_sling_track187_08jun,seekhotamil,seekhotamil | (untagged),false,live,TOO_YOUNG,₹0.0L
seekhotamil_biz_solarxbusinessxgovernmentxsubsidyxhacks_male_ai_face_05jun26_rep_hindi_hook_agency_shashank_wdm_track187_08jun,seekhotamil,seekhotamil | (untagged),false,live,TOO_YOUNG,₹0.0L
seekhotelugu_eng_learnxenglish_roboxteachingxenglish_slingshot creations_ai_face_27may26_rep_hindi_demography_agency_shashank_sling_track324_30may,seekhotelugu,seekhotelugu | (untagged),false,live,HEALTHY,₹2.5L
seekhotelugu_eng_learnxenglish_womenxgivingxspeech_slingshot creations_ai_face_21may26_exp_persona_agency_shashank_sling_track324_24may,seekhotelugu,seekhotelugu | (untagged),false,live,NOT_FATIGUE,₹1.5L
seekhotelugu_biz_businessxinsulatedxwaterxjar_malexvo_vo_faceless_28th may_rep_hindi_demography and face_agency_shashank_wdm_track323_30may,seekhotelugu,seekhotelugu | (untagged),false,live,HEALTHY,₹0.9L
seekhotelugu_astro_changextimesxgraha_manxpoorxtoxrichxlife_slingshot creations_microdrama_face_27may26_exp_profile_agency_shashank_sling_track320_30may,seekhotelugu,seekhotelugu | (untagged),false,live,HEALTHY,₹0.6L
seekhotelugu_biz_businessxcontractorxtenderxprocessxseekho_male_microdramaxcartoon_face_28th may_rep_hindi_demography and face_agency_shashank_wdm_track323_30may,seekhotelugu,seekhotelugu | (untagged),false,live,HEALTHY,₹0.5L
seekhotelugu_eng_learnxenglish_manxgivingxspeech_slingshot creations_ai_face_24may26_exp_hook_agency_shashank_sling__27may,seekhotelugu,seekhotelugu | (untagged),false,live,NOT_FATIGUE,₹0.5L
seekhotelugu_astro_changextimesxgraha_womenx_slingshot creations_ai_face_21may26_exp_visual_agency_shashank_sling_track320_24may,seekhotelugu,seekhotelugu | (untagged),false,live,HEALTHY,₹0.5L
seekhotelugu_share_learnxinvesting_manxexplaingxsharexmarketxstrategy_slingshot creations_ai_face_21may26_rep_hindi_demography_agency_shashank_sling_track318_24may,seekhotelugu,seekhotelugu | (untagged),false,live,NOT_FATIGUE,₹0.4L
seekhotelugu_biz_startxbusiness_solarxpanelxcleaningxbusiness_slingshot creations_microdramaxcartoon_face_21may26_rep_hindi_demography_agency_shashank_sling_track323_24may,seekhotelugu,seekhotelugu | (untagged),false,live,FATIGUED,₹0.4L
seekhotelugu_astro_getxridxofxloans_constructionxsitexworkerxfemale_microdrama_face_30dec99_edit_seekho_agency_shashank_wdm_22may_track320,seekhotelugu,seekhotelugu | (untagged),false,live,HEALTHY,₹0.4L
seekhotelugu_astro_aadharxupdate_posterxvo_slingshot creations_cartoonxedit_faceless_27may26_exp_format_agency_shashank_sling_track320_02jun,seekhotelugu,seekhotelugu | (untagged),false,live,HEALTHY,₹0.4L
seekhotelugu_share_sharexmarketxcomapexlifexgrowth_adultxmalexguy_asmr_faceless_30dec99_rep_hindi_demography and face_agency_shashank_wdm_track318_24may,seekhotelugu,seekhotelugu | (untagged),false,live,NOT_FATIGUE,₹0.4L
seekhotelugu_biz_startxbusiness_icecreamxconexbusiness_slingshot creations_microdrama_face_24may26_exp_usecase_agency_shashank_sling_track323_05jun,seekhotelugu,seekhotelugu | (untagged),false,live,TOO_YOUNG,₹0.3L
seekhotelugu_astro_changextimesxgraha_womanxgivingxspeech_slingshot creations_ai_faceless_24may26_exp_visual_agency_shashank_sling__27may,seekhotelugu,seekhotelugu | (untagged),false,live,HEALTHY,₹0.3L
seekhotelugu_astro_changextimesxgraha_locksxrepairxshop_slingshot creations_microdramaxcartoon_face_27may26_exp_profile_agency_shashank_sling_track320_30may,seekhotelugu,seekhotelugu | (untagged),false,live,HEALTHY,₹0.3L
seekhotelugu_eng_fluently_2_q&axformatxtalkxshow_ai_face_30dec99_edit_seekho_agency_shashank_wdm_22may_track324,seekhotelugu,seekhotelugu | (untagged),false,live,HEALTHY,₹0.2L
seekhotelugu_biz_startxmehendixconesxbusiness_ai_face_30dec99_edit_seekho_agency_shashank_wdm_22may_track323,seekhotelugu,seekhotelugu | (untagged),false,live,HEALTHY,₹0.2L
seekhotelugu_share_learnxinvesting_investingxinxsharexmarket_slingshot creations_microdrama_faceless_21may26_rep_hindi_demography_agency_shashank_sling_track318_24may,seekhotelugu,seekhotelugu | (untagged),false,live,HEALTHY,₹0.2L
seekhotelugu_biz_businessxpetrolxbunkxdetailsxconversationxfriends_youngxmale_human_face_28th may_exp_script_agency_shashank_wdm_track323_30may,seekhotelugu,seekhotelugu | (untagged),false,live,TOO_YOUNG,₹0.2L
seekhotelugu_share_learnxinvesting_candlexexplainxinvestingxterms_slingshot creations_cartoonxedit_faceless_21may26_exp_visual_agency_shashank_sling_track318_27may,seekhotelugu,seekhotelugu | (untagged),false,live,HEALTHY,₹0.1L
seekhotelugu_praja_applyxnewxschemes_womenxtalksxinxvillage_slingshot creations_ai_face_27may26_exp_persona_agency_shashank_sling_track325_02jun,seekhotelugu,seekhotelugu | (untagged),false,paused,TOO_YOUNG,₹0.1L
seekhotelugu_eng_learnxenglish_motherxspeakingxenglish_slingshot creations_ai_face_21may26_exp_persona_agency_shashank_sling_track324_24may,seekhotelugu,seekhotelugu | (untagged),false,live,HEALTHY,₹0.1L
seekhotelugu_biz_startxyourxdream_businessxideasxmale_slingshot creations_ai_splitxscreen_24may26_exp_hook_agency_shashank_sling_track323_05jun,seekhotelugu,seekhotelugu | (untagged),false,live,TOO_YOUNG,₹0.1L
seekhotelugu_insta_instagramxviralxtrickscstory_female_vo_faceless_28th may_rep_hindi_script_agency_shashank_wdm_track322_05jun,seekhotelugu,seekhotelugu | (untagged),false,live,TOO_YOUNG,₹0.1L
seekhotelugu_share_learnxinvesting_newsxreaderxspeakingxinxstudio_slingshot creations_ai_face_27may26_rep_hindi_demography_agency_shashank_sling_track318_05jun,seekhotelugu,seekhotelugu | (untagged),false,live,TOO_YOUNG,₹0.1L
seekhotelugu_eng_learnxenglish_malexrobotxteachingxenglish_slingshot creations_ai_face_27may26_rep_hindi_demography_agency_shashank_sling_track324_05jun,seekhotelugu,seekhotelugu | (untagged),false,live,TOO_YOUNG,₹0.1L
seekhotelugu_utilise_learnxnewxskills_femalexdesignerxgarment _slingshot creations_ai_face_24may26_exp_visual_agency_shashank_sling_track292_05jun,seekhotelugu,seekhotelugu | (untagged),false,live,TOO_YOUNG,₹0.1L
seekhotelugu_praja_getxloanxwithxaadharxcard_femalextalkingxinxmarriage_slingshot creations_ai_face_27may26_exp_hook_agency_shashank_sling_track325_02jun,seekhotelugu,seekhotelugu | (untagged),false,live,HEALTHY,₹0.1L
seekhotelugu_eng_learnxenglish_motherxlearningxenglish_slingshot creations_ai_face_24may26_exp_persona_agency_shashank_sling__27may,seekhotelugu,seekhotelugu | (untagged),false,live,HEALTHY,₹0.1L
seekhotelugu_astro_changexaadharxdetailsxonxphone_malexvo_slingshot creations_cartoonxedit_face_01jun26_exp_visual_agency_shashank_sling_track320_05jun,seekhotelugu,seekhotelugu | (untagged),false,live,TOO_YOUNG,₹0.1L
seekhotelugu_eng_fluentxenglishxwidowxjob_muslimxwomen_ai_face_30dec99_edit_seekho_agency_shashank_wdm_22may_track324,seekhotelugu,seekhotelugu | (untagged),false,live,HEALTHY,₹0.1L
seekhotelugu_astro_changextimesxgraha_plumberxgoodxtimes_slingshot creations_microdrama_face_24may26_exp_profile_agency_shashank_sling__27may,seekhotelugu,seekhotelugu | (untagged),false,paused,TOO_YOUNG,₹0.1L
seekhotelugu_share_learnxinvesting_investingxinxsharexmarketxvo_slingshot creations_asmrxai_faceless_27may26_rep_hindi_demography_agency_shashank_sling_track318_05jun,seekhotelugu,seekhotelugu | (untagged),false,live,TOO_YOUNG,₹0.1L
seekhotelugu_astro_shoemakerxdebtxastro_malexlaborer_microdrama_face_30dec99_edit_seekho_agency_shashank_wdm_22may_track320,seekhotelugu,seekhotelugu | (untagged),false,paused,BELOW_SPEND_FLOOR,₹0.0L
seekhotelugu_astro_astrox20xyearsxdebtxrelief_female_ai_face_30dec99_edit_seekho_agency_shashank_wdm_22may_track320,seekhotelugu,seekhotelugu | (untagged),false,live,TOO_YOUNG,₹0.0L
seekhotelugu_share_stockxmarketxbasicsxlongxterminvestingxexpert_malexexpert_human_face_05jun26_exp_script_agency_shashank_wdm_track318_08jun,seekhotelugu,seekhotelugu | (untagged),false,live,TOO_YOUNG,₹0.0L
seekhotelugu_finance_moneyxmanagementxcouplexbudgetingxsavingsxfinancialxliteracy_femalexfaceless_human_face_05jun26_exp_script_agency_shashank_wdm_track319_08jun,seekhotelugu,seekhotelugu | (untagged),false,live,TOO_YOUNG,₹0.0L
seekhotelugu_biz_startxbusiness_insulatedxwaterxcansxbusiness_slingshot creations_microdrama_face_27may26_rep_hindi_demography_agency_shashank_sling_track323_08jun,seekhotelugu,seekhotelugu | (untagged),false,live,TOO_YOUNG,₹0.0L
seekhotelugu_astro_changextimesxgraha_manxworkingxasxdailyxlabour_slingshot creations_microdrama_face_05jun26_exp_demography_agency_shashank_sling_track320_08jun,seekhotelugu,seekhotelugu | (untagged),false,live,TOO_YOUNG,₹0.0L
seekhotelugu_biz_beautyxsalonxsuccessxstoryxbusinessxgrowthxexpert_femalexbeautician_human_face_05jun26_rep_hindi_demography and face_agency_shashank_wdm_track323_08jun,seekhotelugu,seekhotelugu | (untagged),false,live,TOO_YOUNG,₹0.0L
seekhotelugu_astro_changextimesxgraha_jyothishyaxexperts_slingshot creations_ai_face_05jun26_exp_demography_agency_shashank_sling_track320_08jun,seekhotelugu,seekhotelugu | (untagged),false,live,TOO_YOUNG,₹0.0L
seekhotelugu_astro_howxtoxbookxtatkalxticket_malexpersonxasxtatkalxticke_ai_face_30dec99_edit_seekho_agency_shashank_wdm_22may_track320,seekhotelugu,seekhotelugu | (untagged),false,live,TOO_YOUNG,₹0.0L
seekhotelugu_finance_financialxgrowthxthroughxlearningxmutualxfundsxcibilxinvesting_malexfaceless_asmr_faceless_05jun26_rep_hindi_demography and face_agency_shashank_wdm_track319_08jun,seekhotelugu,seekhotelugu | (untagged),false,live,TOO_YOUNG,₹0.0L
seekhotelugu_biz_startxbusiness_solarxpowerxplantxbusiness_slingshot creations_microdrama_face_27may26_rep_hindi_demography_agency_shashank_sling_track323_08jun,seekhotelugu,seekhotelugu | (untagged),false,live,TOO_YOUNG,₹0.0L
seekhotelugu_share_stockxmarketxforxbeginnersxfinancialxliteracyxskillxlearning_malexfaceless_vo_faceless_05jun26_rep_hindi_demography and face_agency_shashank_wdm_track318_08jun,seekhotelugu,seekhotelugu | (untagged),false,live,TOO_YOUNG,₹0.0L
seekhotelugu_share_learnxinvesting_stockxmarketxanalyzing_slingshot creations_ai_face_01jun26_exp_persona_agency_shashank_sling_track318_08jun,seekhotelugu,seekhotelugu | (untagged),false,live,TOO_YOUNG,₹0.0L
seekhotelugu_biz_smartxphonexrepairxbusinessxgrowthxopportunityxexpert_malexbusinessxmen_human_face_05jun26_exp_script_agency_shashank_wdm_track323_08jun,seekhotelugu,seekhotelugu | (untagged),false,live,TOO_YOUNG,₹0.0L
seekhotelugu_praja_prajaxcategoryxgovernmentxservicesxexpert_malexfaceless_human_face_05jun26_exp_script_agency_shashank_wdm_track325_08jun,seekhotelugu,seekhotelugu | (untagged),false,live,TOO_YOUNG,₹0.0L
seekhotelugu_finance_personalxloanxbasicsxemixcalculationxskillxlearning_femalexyoungxlady_human_face_05jun26_exp_script_agency_shashank_wdm_track319_08jun,seekhotelugu,seekhotelugu | (untagged),false,live,TOO_YOUNG,₹0.0L
seekhotelugu_share_learnxinvesting_sharexmarketxxvo_slingshot creations_ai_faceless_01jun26_rep_hindi_demography_agency_shashank_sling_track318_08jun,seekhotelugu,seekhotelugu | (untagged),false,live,TOO_YOUNG,₹0.0L
seekhotelugu_share_sharexmarketxlearningxsidexincomexfinancialxgrowthxskillxlearning_malexfaceless_asmr_faceless_05jun26_rep_hindi_demography and face_agency_shashank_wdm_track318_08jun,seekhotelugu,seekhotelugu | (untagged),false,live,TOO_YOUNG,₹0.0L
seekhotelugu_astro_chagexgrahaxstithi_middlexagedxmalexshoemaker___30dec99_edit_seekho_agency_shashank_wdm_22may_track320,seekhotelugu,seekhotelugu | (untagged),false,live,TOO_YOUNG,₹0.0L
seekhotelugu_biz_solarxpowerxplantxbusinessxpassivexincomexexpert_malexyoungxmen_ai_face_05jun26_rep_hindi_demography and face_agency_shashank_wdm_track323_08jun,seekhotelugu,seekhotelugu | (untagged),false,live,TOO_YOUNG,₹0.0L
seekhotelugu_eng_englishxfluencyxjourneyxdailyxpracticexskillxlearning_femalexyoungxlearner_ai_face_05jun26_rep_hindi_demography and face_agency_shashank_wdm_track324_08jun,seekhotelugu,seekhotelugu | (untagged),false,live,TOO_YOUNG,₹0.0L
seekhotelugu_eng_learnxenglish_womenximprovedxenglish_slingshot creations_ai_face_27may26_exp_hook_agency_shashank_sling_track324_08jun,seekhotelugu,seekhotelugu | (untagged),false,live,TOO_YOUNG,₹0.0L
seekhotelugu_eng_englishxcommunicationxskillsxcareerxgrowth_malexyoungxyouth_human_face_05jun26_rep_hindi_demography and face_agency_shashank_wdm_track324_08jun,seekhotelugu,seekhotelugu | (untagged),false,live,TOO_YOUNG,₹0.0L
sharemarket_deltaexchangexclone4_aixsmxobject_talkingobject_7apr_creator_newtopic_sachinxedit_m5.3 _expansion_shivam_pc,sharemarket,sharemarket | (untagged),false,live,WATCH,₹0.5L
sharemarket_track15_seekho_50hazaarkamatahaipadosi_suraj_human_face_ai_05june26_livegen_new_expansion_performance_kartik_hook2_ext,sharemarket,sharemarket | (untagged),false,live,TOO_YOUNG,₹0.2L
sharemarket_track15_seekho_gappriceaction_raksha_testimonialxchores_face_human_5jun26_khandelwal_new_exp_format_agency_pc_ext_mandle_raghavxedit_sharemarket_hook2,sharemarket,sharemarket | (untagged),false,live,TOO_YOUNG,₹0.2L
sharemarket_track15_seekho_coreconceptxsm2_sethi _classroom_face_human_4jun26_pc_new_new_script_agency_pc_ext_shivam_raghavxedit_sharemarket_hook1,sharemarket,sharemarket | (untagged),false,live,TOO_YOUNG,₹0.2L
sharemarket_track15_seekho_marketfear_miniaturehuman_ai_6june26_inhouse_exp_kartik_ext,sharemarket,sharemarket | (untagged),false,live,TOO_YOUNG,₹0.2L
sharemarket_track15_seekho_dailypracticexsm_nikhil_skit_face_human_4jun26_pc_new_new_script_agency_pc_ext_shivam_nikhilxedit_sharemarket_hook3,sharemarket,sharemarket | (untagged),false,live,TOO_YOUNG,₹0.2L
sharemarket_track15_seekho_lakhonkikamai_miniaturehuman_ai_6june26_inhouse_exp_kartik_ext,sharemarket,sharemarket | (untagged),false,live,TOO_YOUNG,₹0.2L
sharemarket_track15_seekho_rozraat1bjeofficese_miniaturehuman_ai_6june26_inhouse_exp_kartik_ext,sharemarket,sharemarket | (untagged),false,live,TOO_YOUNG,₹0.2L
sharemarket_track15_seekho_specialreportxsm_aixnews_aiedit_animation_ai_5jun26_pc_new_new_script_agency_pc_ext_shivam_nehaxedit_sharemarket,sharemarket,sharemarket | (untagged),false,live,TOO_YOUNG,₹0.2L
sharemarket_track15_seekho_harrroz15minutexsharemarketseekho_aixteacher_aiedit_animation_ai_5jun26_pc_expansion_exp_format_agency_pc_ext_shivam_ujjawalxedit_sharemarket,sharemarket,sharemarket | (untagged),false,live,TOO_YOUNG,₹0.2L
sharemarket_track15_seekho_padosi50hazaarrozkamatahai_palak_cartoonedit_face_ai_05june26_livegen_new_expansion_performance_kartik_hook1_ext,sharemarket,sharemarket | (untagged),false,live,TOO_YOUNG,₹0.2L
sharemarket_track15_seekho_deltaexchangexclone_aixsmxobjects_aiedit_animation_ai_5jun26_pc_expansion_exp_format_agency_pc_ext_shivam_ujjawalxedit_sharemarket,sharemarket,sharemarket | (untagged),false,live,TOO_YOUNG,₹0.2L
sharemarket_track15_seekho_deltaexchangexclone4_aixsmxobjects_aiedit_animation_ai_5jun26_pc_expansion_exp_format_agency_pc_ext_shivam_ujjawalxedit_sharemarket,sharemarket,sharemarket | (untagged),false,live,TOO_YOUNG,₹0.2L
sharemarket_track15_seekho_dostaurmeremefarkxbulletxsplendor_suraj_human_face_ai_05june26_livegen_new_expansion_performance_kartik_hook3_ext,sharemarket,sharemarket | (untagged),false,live,TOO_YOUNG,₹0.2L
sharemarket_track15_seekho_newhooksxsearchstocks_nikhil_ipadpov_faceless_human_4jun26_pc_expansion_exp_format_agency_pc_ext_shivam_nikhilxedit_sharemarket_hook2,sharemarket,sharemarket | (untagged),false,paused,TOO_YOUNG,₹0.2L
sharemarket_track15_seekho_marketopenxsm_sethi_classroom_face_human_5jun26_pc_expansion_exp_format_agency_pc_ext_shivam_raghavxedit_sharemarket_hook2,sharemarket,sharemarket | (untagged),false,live,TOO_YOUNG,₹0.2L
sharemarket_track15_seekho_darrmeaurlossxjebkati_palak_microdrama_face_ai_05june26_livegen_new_expansion_performance_aniket_ext,sharemarket,sharemarket | (untagged),false,paused,TOO_YOUNG,₹0.1L
sharemarket_track15_seekho_paisedoobgaye_aixgreencandle_talkingobject_animation_ai_5jun26_pc_new_new_script_agency_pc_ext_mandle_sachinxedit_sharemarket_hook1,sharemarket,sharemarket | (untagged),false,live,TOO_YOUNG,₹0.1L
sharemarket_track15_seekho_volumeuppricenot_aixgreencandle_talkingobject_animation_ai_3jun26_pc_expansion_exp_creator_agency_pc_ext_mandle_pawanxedit_sharemarket_hook3,sharemarket,sharemarket | (untagged),false,paused,TOO_YOUNG,₹0.1L
sharemarket_track15_seekho_marketopenxsm_manish_tv_face_human_23may26_pc_expansion_exp_format_agency_pc_ext_shivam_omxedit_sharemarket_hook2,sharemarket,sharemarket | (untagged),false,live,HEALTHY,₹0.1L
sharemarket_track15_seekho_redgreencandlev1_aixgreencandle_talkingobject_animation_ai_29may26_pc_expansion_exp_format_agency_pc_ext_mandle_sachinxedit_sharemarket_hook2,sharemarket,sharemarket | (untagged),false,live,WATCH,₹0.1L
sharemarket_track15_seekho_15minutemesharemarketseekho_suraj_human_face_ai_05june26_livegen_new_expansion_performance_kartik_hook2_ext,sharemarket,sharemarket | (untagged),false,live,TOO_YOUNG,₹0.1L
sharemarket_track15_seekho_marketbasicssamjhoxseekho_palak_veo3_face_ai_05june26_livegen_new_expansion_performance_kartik_hook2_ext,sharemarket,sharemarket | (untagged),false,live,TOO_YOUNG,₹0.1L
sharemarket_track15_seekho_gappriceaction_aixgreencandle_cartoonedit100_animation_ai_5jun26_pc_expansion_exp_format_agency_pc_ext_mandle_sachinxedit_sharemarket_hook1,sharemarket,sharemarket | (untagged),false,live,TOO_YOUNG,₹0.1L
sharemarket_track15_seekho_pillarsofsm_aixsmobjects_talkingobject_animation_ai_8jun26_pc_new_new_script_agency_pc_ext_mandle_ritaxedit_sharemarket,sharemarket,sharemarket | (untagged),false,live,TOO_YOUNG,₹0.1L
sharemarket_track15_seekho_dostbulletmexsplendor_palak_veo3_face_ai_05june26_livegen_new_expansion_performance_kartik_hook2_ext,sharemarket,sharemarket | (untagged),false,live,TOO_YOUNG,₹0.1L
sharemarket_track15_seekho_gappriceaction_moses_testimonialxchores_face_human_5jun26_khandelwal_new_exp_format_agency_pc_ext_mandle_raghavxedit_sharemarket_hook1,sharemarket,sharemarket | (untagged),false,paused,TOO_YOUNG,₹0.1L
sharemarket_track15_seekho_rozxnayaxseekhoxsm_nikhil_wbpov_faceless_human_6jun26_pc_expansion_exp_format_agency_pc_ext_shivam_nikhilxedit_sharemarket,sharemarket,sharemarket | (untagged),false,live,TOO_YOUNG,₹0.1L
sharemarket_track15_seekho_gappriceaction_moses_testimonialxchores_face_human_5jun26_khandelwal_new_exp_format_agency_pc_ext_mandle_raghavxedit_sharemarket_hook3,sharemarket,sharemarket | (untagged),false,live,TOO_YOUNG,₹0.1L
sharemarket_deltaexchangexclone4_aixsmxobject_talkingobject_7apr_creator_newtopic_sachinxedit_m5.3 _expansion_shivam_pc_track15,sharemarket,sharemarket | (untagged),false,live,TOO_YOUNG,₹0.1L
sharemarket_track15_seekho_first15minutes_aixgreencandle_talkingobject_animation_ai_4jun26_pc_new_new_script_agency_pc_ext_mandle_ritaxedit_sharemarket_hook2,sharemarket,sharemarket | (untagged),false,paused,TOO_YOUNG,₹0.1L
sharemarket_track15_seekho_volumeuppricenot_om_tv_face_human_3jun26_pc_expansion_exp_format_agency_pc_ext_mandle_omxedit_sharemarket_hook2,sharemarket,sharemarket | (untagged),false,paused,TOO_YOUNG,₹0.1L
sharemarket_track15_seekho_dostbulletmexsplendor_palak_veo3_face_ai_05june26_livegen_new_expansion_performance_kartik_hook1_ext,sharemarket,sharemarket | (untagged),false,paused,TOO_YOUNG,₹0.1L
sharemarket_track15_seekho_redgreencandlev1_aixredcandle_talkingobject_animation_ai_6jun26_pc_expansion_exp_format_agency_pc_ext_mandle_sachinxedit_sharemarket_hook3,sharemarket,sharemarket | (untagged),false,live,TOO_YOUNG,₹0.1L
sharemarket_track15_seekho_gappriceaction_raksha_testimonialxchores_face_human_5jun26_khandelwal_new_exp_format_agency_pc_ext_mandle_raghavxedit_sharemarket_hook3,sharemarket,sharemarket | (untagged),false,paused,TOO_YOUNG,₹0.0L
sharemarket_track15_seekho_ameeraurtummeyefarkhaixreworked_sumit_minature_face_ai_08june26_livegen_new_expansion_performance_kartik_hook2_ext,sharemarket,sharemarket | (untagged),false,live,TOO_YOUNG,₹0.0L
sharemarket_track15_seekho_marketopenxsm_kaveri_classroom_face_human_6jun26_pc_expansion_exp_creator_agency_pc_ext_shivam_raghavxedit_sharemarket_hook1,sharemarket,sharemarket | (untagged),false,live,TOO_YOUNG,₹0.0L
sharemarket_track15_seekho_gappriceaction_aixgreencandle_cartoonedit100_animation_ai_5jun26_pc_expansion_exp_format_agency_pc_ext_mandle_sachinxedit_sharemarket_hook3,sharemarket,sharemarket | (untagged),false,paused,TOO_YOUNG,₹0.0L
sharemarket_track15_seekho_coreconceptxsm2_suraj_wb_splitscreen_human_4jun26_pc_new_new_script_agency_pc_ext_shivam_nikhilxedit_sharemarket_hook2_rework_8june,sharemarket,sharemarket | (untagged),false,live,TOO_YOUNG,₹0.0L
sharemarket_track15_seekho_rozxnayaxseekhoxsm_faceless_asmr_faceless_ai_6jun26_pc_expansion_exp_format_agency_pc_ext_mandle_bhaveshxedit_sharemarket,sharemarket,sharemarket | (untagged),false,live,TOO_YOUNG,₹0.0L
sharemarket_track15_seekho_coreconceptxsm2_sethi _classroom_face_human_4jun26_pc_new_new_script_agency_pc_ext_shivam_raghavxedit_sharemarket_hook3,sharemarket,sharemarket | (untagged),false,paused,TOO_YOUNG,₹0.0L
sharemarket_track15_seekho_marketbasicssamjhoxseekho_palak_veo3_face_ai_05june26_livegen_new_expansion_performance_kartik_hook3_ext,sharemarket,sharemarket | (untagged),false,paused,TOO_YOUNG,₹0.0L
sharemarket_track15_seekho_padosi50hazaarrozkamatahaixreworked_palak_cartoonedit_face_ai_08june26_livegen_new_expansion_performance_kartik_hook2_ext,sharemarket,sharemarket | (untagged),false,live,TOO_YOUNG,₹0.0L
sharemarket_track15_seekho_15minutemesharemarketseekho_suraj_human_face_ai_05june26_livegen_new_expansion_performance_kartik_hook3_ext,sharemarket,sharemarket | (untagged),false,paused,TOO_YOUNG,₹0.0L
sharemarket_track15_seekho_marketopenxsm_kaveri_classroom_face_human_6jun26_pc_expansion_exp_creator_agency_pc_ext_shivam_raghavxedit_sharemarket_hook3,sharemarket,sharemarket | (untagged),false,live,TOO_YOUNG,₹0.0L
sharemarket_track15_seekho_redgreencandlev1_aixredcandle_talkingobject_animation_ai_6jun26_pc_expansion_exp_format_agency_pc_ext_mandle_sachinxedit_sharemarket_hook1,sharemarket,sharemarket | (untagged),false,live,TOO_YOUNG,₹0.0L
sharemarket_track15_seekho_gappriceaction_moses_testimonialxchores_face_human_5jun26_khandelwal_new_exp_format_agency_pc_ext_mandle_raghavxedit_sharemarket_hook2,sharemarket,sharemarket | (untagged),false,paused,TOO_YOUNG,₹0.0L
sharemarket_track15_seekho_volumeuppricenot_aixgreencandle_talkingobject_animation_ai_3jun26_pc_expansion_exp_creator_agency_pc_ext_mandle_pawanxedit_sharemarket_hook1,sharemarket,sharemarket | (untagged),false,paused,TOO_YOUNG,₹0.0L
sharemarket_track15_seekho_redgreencandlev1_aixredcandle_talkingobject_animation_ai_6jun26_pc_expansion_exp_format_agency_pc_ext_mandle_sachinxedit_sharemarket_hook2,sharemarket,sharemarket | (untagged),false,live,TOO_YOUNG,₹0.0L
sharemarket_track15_seekho_bas15minutedomarketko_palak_veo3_face_ai_08june26_livegen_new_expansion_performance_kartik_hook2_ext,sharemarket,sharemarket | (untagged),false,live,TOO_YOUNG,₹0.0L
sharemarket_track15_seekho_coreconceptxsm2_suraj_wb_splitscreen_human_4jun26_pc_new_new_script_agency_pc_ext_shivam_nikhilxedit_sharemarket_hook1_rework_8june,sharemarket,sharemarket | (untagged),false,live,TOO_YOUNG,₹0.0L
sharemarket_track15_seekho_marketopenxsm_gaurav_tv_face_human_7may26_pc_expansion_exp_creator_agency_pc_ext_shivam_omxedit_sharemarket_hook2,sharemarket,sharemarket | (untagged),false,live,TOO_YOUNG,₹0.0L
sharemarket_track15_seekho_padosi50hazaarrozkamatahaixreworked_palak_cartoonedit_face_ai_08june26_livegen_new_expansion_performance_kartik_hook1_ext,sharemarket,sharemarket | (untagged),false,live,TOO_YOUNG,₹0.0L
sharemarket_track15_seekho_marketopenxsm_sethi_classroom_face_human_5jun26_pc_expansion_exp_format_agency_pc_ext_shivam_raghavxedit_sharemarket_hook3,sharemarket,sharemarket | (untagged),false,paused,TOO_YOUNG,₹0.0L
sharemarket_track15_seekho_marketsedarrlagtahai_palak_minature_face_ai_08june26_livegen_new_expansion_performance_kartik_hook3_ext,sharemarket,sharemarket | (untagged),false,live,TOO_YOUNG,₹0.0L
sharemarket_track15_seekho_marketsedarrlagtahai_palak_minature_face_ai_08june26_livegen_new_expansion_performance_kartik_hook2_ext,sharemarket,sharemarket | (untagged),false,live,TOO_YOUNG,₹0.0L
sharemarket_track15_seekho_dostaurmeremefarkxbulletxsplendor_suraj_human_face_ai_05june26_livegen_new_expansion_performance_kartik_hook1_ext,sharemarket,sharemarket | (untagged),false,live,TOO_YOUNG,₹0.0L
sharemarket_track15_seekho_gappriceaction_aixgreencandle_cartoonedit100_animation_ai_5jun26_pc_expansion_exp_format_agency_pc_ext_mandle_sachinxedit_sharemarket_hook2,sharemarket,sharemarket | (untagged),false,paused,TOO_YOUNG,₹0.0L
sharemarket_track15_seekho_marketopenxsm_sethi_classroom_face_human_5jun26_pc_expansion_exp_format_agency_pc_ext_shivam_raghavxedit_sharemarket_hook1,sharemarket,sharemarket | (untagged),false,live,TOO_YOUNG,₹0.0L
sharemarket_track15_seekho_gappriceaction_raksha_testimonialxchores_face_human_5jun26_khandelwal_new_exp_format_agency_pc_ext_mandle_raghavxedit_sharemarket_hook1,sharemarket,sharemarket | (untagged),false,paused,TOO_YOUNG,₹0.0L
sharemarket_track15_seekho_marketkosamjhogekahase_suraj_veo3_face_ai_08june26_livegen_new_expansion_performance_kartik_hook3_ext,sharemarket,sharemarket | (untagged),false,live,TOO_YOUNG,₹0.0L
sharemarket_track15_seekho_ameeraurtummeyefarkhaixreworked_sumit_minature_face_ai_08june26_livegen_new_expansion_performance_kartik_hook1_ext,sharemarket,sharemarket | (untagged),false,live,TOO_YOUNG,₹0.0L
sharemarket_track15_seekho_marketkosamjhogekahase_suraj_veo3_face_ai_08june26_livegen_new_expansion_performance_kartik_hook1_ext,sharemarket,sharemarket | (untagged),false,live,TOO_YOUNG,₹0.0L
sharemarket_track15_seekho_marketsedarrlagtahai_palak_minature_face_ai_08june26_livegen_new_expansion_performance_kartik_hook1_ext,sharemarket,sharemarket | (untagged),false,live,TOO_YOUNG,₹0.0L
sharemarket_track15_seekho_marketkosamjhogekahase_suraj_veo3_face_ai_08june26_livegen_new_expansion_performance_kartik_hook2_ext,sharemarket,sharemarket | (untagged),false,live,TOO_YOUNG,₹0.0L
sharemarket_track15_seekho_marketopenxsm_kaveri_classroom_face_human_6jun26_pc_expansion_exp_creator_agency_pc_ext_shivam_raghavxedit_sharemarket_hook2,sharemarket,sharemarket | (untagged),false,live,TOO_YOUNG,₹0.0L
sharemarket_track15_seekho_bas15minutedomarketko_palak_veo3_face_ai_08june26_livegen_new_expansion_performance_kartik_hook1_ext,sharemarket,sharemarket | (untagged),false,live,TOO_YOUNG,₹0.0L
sharemarket1_karzxbadhtaxgya_newscript_microdrama_livegen_veo3_15dec_track15,sharemarket1,sharemarket1 | (untagged),false,live,TOO_YOUNG,₹0.1L
sharemarket1_dostkigaadi_bhavesh_cartoonedit39_1feb_creator_expansion_m3_hook2_track15,sharemarket1,sharemarket1 | (untagged),false,live,TOO_YOUNG,₹0.1L
sharemarket1_widowxsharexoverallpitch_aixwidow_cartoonedit33_21feb_creator_expansion_rishabhxedit_m1 _expansion_shivam_hook3_track15,sharemarket1,sharemarket1 | (untagged),false,live,TOO_YOUNG,₹0.1L
sharemarket1_lastdelivery_aixdeliveryboy_cartoonedit79_1apr_creator_expansion_pawanxedit_m1 _expansion_shivam_pc_track15,sharemarket1,sharemarket1 | (untagged),false,live,HEALTHY,₹0.1L
sharemarket1_tradingxtalkingobjectxvaibhav_aixintradaytrading_talkingobject_6feb_creator_newtopic_nehaxedit_m10_hook1_track15,sharemarket1,sharemarket1 | (untagged),false,live,TOO_YOUNG,₹0.1L
sharemarket1_widowxsharexborntoxtrader_bahvesh_persepolisxcartoonedit_15jan_faceless_newtopic_m5.2_hook2_track15,sharemarket1,sharemarket1 | (untagged),false,live,TOO_YOUNG,₹0.1L
sharemarket1_sharemarketxnuksaan_dipankar_microdrama_27nov_faceless_expansion_microdrama_track15,sharemarket1,sharemarket1 | (untagged),false,live,TOO_YOUNG,₹0.1L
sharemarket1_pregnancyxearningxsharemarket_aixfemalepatient_skit_18dec_creator_expansion_bhaveshxedit_m2_track15,sharemarket1,sharemarket1 | (untagged),false,live,TOO_YOUNG,₹0.1L
sharemarket1_amitxdeliveryxguy_newscript_microdrama_livegen_veo3_20dec_track15,sharemarket1,sharemarket1 | (untagged),false,live,TOO_YOUNG,₹0.0L
sharemarket1_raatxkoxoffice_aixabhishekpolice_microdrama_11dec_creator_expansion_bhaveshxedit_m1_adsetname_rework_hook1_track15,sharemarket1,sharemarket1 | (untagged),false,live,TOO_YOUNG,₹0.0L
sharemarket1_sharemarketxjuaxvaibhav_aixbaapxbeta_microdrama_11feb_creator_newtopic_bhaveshxedit_m5.3s1_hook2_track15,sharemarket1,sharemarket1 | (untagged),false,live,TOO_YOUNG,₹0.0L
sharemarket1_monthlyincomefromoptiontrading_21july_aicac_hook2_seriesid_29071_track15,sharemarket1,sharemarket1 | (untagged),false,live,TOO_YOUNG,₹0.0L
sharemarket1_emotionalxsharexmicrodrama_bhavesh_breadwinnerxcartoonedit_17dec_faceless_expansion_m3_adsetname_rework_track15,sharemarket1,sharemarket1 | (untagged),false,live,TOO_YOUNG,₹0.0L
sharemarket1_harrroz15minutexsharemarketseekho_expansion_halfscreenasmr_adlive_jagrat_adlive_12feb_track15,sharemarket1,sharemarket1 | (untagged),false,live,TOO_YOUNG,₹0.0L
sharemarket1_gharxbehaal_newscript_microdrama_livegen_veo3_15dec_track15,sharemarket1,sharemarket1 | (untagged),false,live,TOO_YOUNG,₹0.0L
sharemarket1_bikeshowroom_newscript_veo3_2feb_track15,sharemarket1,sharemarket1 | (untagged),false,live,TOO_YOUNG,₹0.0L
sharemarket1_raatxkoxofficexvisualhook_bhavesh_persepolisxcartoonedit_24jan_faceless_expansion_m6.2_hook1_rework_05feb_track15,sharemarket1,sharemarket1 | (untagged),false,live,TOO_YOUNG,₹0.0L
sharemarket1_localsesuccessxsm_aixrohan_microdrama_6jan_creator_newtopic_bhaveshxedit_m5.3_adsetname_rework_hook3_track15,sharemarket1,sharemarket1 | (untagged),false,live,TOO_YOUNG,₹0.0L
sharemarket1_acchesesamajhkekamayapaisaxpaisabachao_cartoonedit_lg_31jan_track15,sharemarket1,sharemarket1 | (untagged),false,live,TOO_YOUNG,₹0.0L
skinbeautyroutine_patiaffairxglowingskin_newscript_femalepov_cartoonedit_track350_livegen_veo3_ogcreativesbeauty_harini_3june,skin beauty routine,skin beauty routine | (untagged),false,live,TOO_YOUNG,₹0.6L
skinbeautyroutine_logsahikehtehain_newscript_femalepov_cartoonedit_postpregnancy_track350_livegen_veo3_ogcreativesbeauty_shreya_20may,skin beauty routine,skin beauty routine | (untagged),false,paused,TOO_YOUNG,₹0.2L
skinbeautyroutine_alooxtamatarxbhindixcheating_newscript_femalepov_talkingobject_track350_draco_veo3_ogcreativesbeauty_harini_5june,skin beauty routine,skin beauty routine | (untagged),false,live,TOO_YOUNG,₹0.2L
skinbeautyroutine_sharmajikibahu_newscript_femalepov_microdrama_bodyzoneconfidence_expansion_track350_livegen_veo3_ogcreativesbeauty_harini_05june26,skin beauty routine,skin beauty routine | (untagged),false,live,TOO_YOUNG,₹0.2L
skinbeautyroutine_collegexkexpehlexhafte_newscript_femalepov_cartooneditxdifferentxtype_ogcreativesbeauty_track350_livegen_veo3_harini_5june,skin beauty routine,skin beauty routine | (untagged),false,live,TOO_YOUNG,₹0.1L
skinbeautyroutine_saanstauntsxhousewifexnewlymarriedxcompetitivescriptxdivaa_femalepov_glow&homebeautyxroutine_cartoonedit_track350_livegen_veo3_ogcreativesbeauty_shreya_19may,skin beauty routine,skin beauty routine | (untagged),false,paused,TOO_YOUNG,₹0.1L
skinbeautyroutine_skintanningxtaanaxtannigxparlourwali_newscript_femalepov_cartoonedit_track350_livegen_veo3_gtm_harini_3june,skin beauty routine,skin beauty routine | (untagged),true,live,TOO_YOUNG,₹0.1L
skinbeautyroutine_lagatitohrozhoxmakeuptalking_newscript_femalepov_talkingobject_track350_draco_veo3_ogcreativesbeauty_harini_7june,skin beauty routine,skin beauty routine | (untagged),false,live,TOO_YOUNG,₹0.1L
skinbeautyroutine_mehendixvaalexdin_newscript_femalepov_cartooneditxdifferentxtype_ogcreativesbeauty_track350_livegen_veo3_harini_8june,skin beauty routine,skin beauty routine | (untagged),false,live,TOO_YOUNG,₹0.0L
skinbeautyroutine_ekxtarafxkhushi_newscript_femalepov_microdrama_ogcreativesbeauty_track350_livegen_veo3_harini_7june,skin beauty routine,skin beauty routine | (untagged),false,live,TOO_YOUNG,₹0.0L
diy_fridgeorganize_rashmi_timelapse_2apr_creator_expansion_m1 _expansion_shivam_pc_hook1,sm+biz+diy,sm+biz+diy | (untagged),false,live,WATCH,₹2.9L
business_seekho_gharxsexonlinexkitchenxbusiness_harshita_testimonialxchores_face_human_9apr26_pc_expansion_exp_script_agency_pc_ext_anshumali_bhaveshxedit_business_hook3_track36,sm+biz+diy,sm+biz+diy | (untagged),false,live,FATIGUED,₹1.7L
sharemarket_track15_seekho_marketopenxsm_om_tv_face_human_28apr26_kartik_new_new_script_agency_pc_ext_shivam_omxedit_sharemarket_hook3,sm+biz+diy,sm+biz+diy | (untagged),false,paused,HEALTHY,₹1.0L
business_beautyparlourxnewstructure_harshitagupta_testimonialxai_6apr_creator_expansion_track36_m11_expansion_anshumali_pc_hook3_track36,sm+biz+diy,sm+biz+diy | (untagged),false,paused,BELOW_SPEND_FLOOR,₹0.0L
smallbizideas_track40_seekho_goberexportx2_aixexpert_spacextestimonial_face_ai_4may26_pc_expansion_exp_format_agency_pc_ext_anshumali_bhaveshxedit_business_hook2,smallbizideas,smallbizideas | (untagged),false,paused,WATCH,₹0.4L
smallbizideas_track40_seekho_puranadhandhadoobgayaxnewbiz_ashulaal_veo3_face_ai_03june26_livegen_new_expansion_performance_aniket_ext,smallbizideas,smallbizideas | (untagged),false,paused,TOO_YOUNG,₹0.2L
smallbizideas_track40_seekho_soyaxbusiness_collecting_money_human_ai_01june26_editstory_expansion2_performance_gourav_ext_hook2,smallbizideas,smallbizideas | (untagged),false,live,TOO_YOUNG,₹0.2L
smallbizideas_track40_seekho_anaarkabusiness_ashulaal_cartoonedit_face_ai_06june26_livegen_new_expansion_performance_gourav_hook3_ext,smallbizideas,smallbizideas | (untagged),false,live,TOO_YOUNG,₹0.1L
smallbizideas_track40_seekho_solarpanelcleaningxbu169_suraj_human_face_ai_06june26_livegen_new_expansion_performance_gourav_hook1_ext,smallbizideas,smallbizideas | (untagged),false,live,TOO_YOUNG,₹0.1L
smallbizideas_track40_seekho_retailxstore_testimony_cartoon_ai_02june26_assignment_expansion_performance_gourav_ext_hook1,smallbizideas,smallbizideas | (untagged),false,paused,TOO_YOUNG,₹0.1L
smallbizideas_track40_seekho_plasticrecyclekabizxbu167_suraj_human_face_ai_06june26_livegen_new_expansion_performance_gourav_hook1_ext,smallbizideas,smallbizideas | (untagged),false,live,TOO_YOUNG,₹0.1L
smallbizideas_track40_seekho_homexparlourxbusiness_microdrama_face_ai_05june26_editstory_expansion_performance_gourav_ext_hook2,smallbizideas,smallbizideas | (untagged),false,live,TOO_YOUNG,₹0.1L
smallbizideas_track40_seekho_businessbadhaneketipsxsilaaiwali_ashulaal_veo3_face_ai_03june26_livegen_new_expansion_performance_aniket_ext,smallbizideas,smallbizideas | (untagged),false,paused,TOO_YOUNG,₹0.1L
smallbizideas_track40_seekho_aicoachxladiessuit_6june26_inhouse_new_kartik_ext,smallbizideas,smallbizideas | (untagged),false,live,TOO_YOUNG,₹0.0L
smallbizideas_track40_seekho_ekideanezindagibadaldi_ashulaal_veo3_face_ai_08june26_livegen_new_expansion_performance_vyom_hook2_ext,smallbizideas,smallbizideas | (untagged),false,live,TOO_YOUNG,₹0.0L
smallbizideas_track40_seekho_anaarkabusiness_ashulaal_cartoonedit_face_ai_06june26_livegen_new_expansion_performance_gourav_hook2_ext,smallbizideas,smallbizideas | (untagged),false,live,TOO_YOUNG,₹0.0L
smallbizideas_track40_seekho_aacblockkabusinessxbu170_suraj_human_face_ai_06june26_livegen_new_expansion_performance_gourav_hook1_ext,smallbizideas,smallbizideas | (untagged),false,live,TOO_YOUNG,₹0.0L
smallbizideas_track40_seekho_salaryaatihaibachtinahi_ashulaal_veo3_face_ai_08june26_livegen_new_expansion_performance_vyom_hook1_ext,smallbizideas,smallbizideas | (untagged),false,live,TOO_YOUNG,₹0.0L
smallbizideas_track40_seekho_acdeepcleaningbusiness_ashulaal_veo3_face_ai_08june26_livegen_new_expansion_performance_vyom_hook1_ext,smallbizideas,smallbizideas | (untagged),false,live,TOO_YOUNG,₹0.0L
smallbizideas_track40_seekho_ekideanezindagibadaldi_ashulaal_veo3_face_ai_08june26_livegen_new_expansion_performance_vyom_hook1_ext,smallbizideas,smallbizideas | (untagged),false,live,TOO_YOUNG,₹0.0L
smallbizideas_track40_seekho_plasticrecyclekabizxbu167_suraj_human_face_ai_06june26_livegen_new_expansion_performance_gourav_hook2_ext,smallbizideas,smallbizideas | (untagged),false,paused,TOO_YOUNG,₹0.0L
smallbizideas_track40_seekho_homexparlourxbusiness_microdrama_face_ai_05june26_editstory_expansion_performance_gourav_ext_hook1,smallbizideas,smallbizideas | (untagged),false,live,TOO_YOUNG,₹0.0L
sharemarket_track15,stock market,stock market | (untagged),false,live,WATCH,₹0.5L
test_utilise_protalker_mix19sep7_asmr_21sep_faceless_newtopic_fe_track14,test,test | (untagged),false,paused,TOO_YOUNG,₹0.2L
test_astrosamadhaan_seekho_noastrobeliefxkarzxmicrodrama_aixfooditems_talkingobject_animation_ai_8apr26_pc_new_new_script_agency_pc_ext_shivam_bhaveshxedit_astrology_hook3_track55,test,test | (untagged),false,paused,TOO_YOUNG,₹0.2L
test_finance_gareebxfinancex90_mix2dec2_asmr_2dec_faceless_newtopic_m1_track12,test,test | (untagged),false,paused,TOO_YOUNG,₹0.2L
test_finance_timewastexfinance_mix1nov2_asmr2_keshav_adlive_25nov_track12,test,test | (untagged),false,paused,TOO_YOUNG,₹0.1L
test_sharemarket1_harrroz15minutexsharemarketseekho_om_tv_30mar_creator_expansion_m1 _expansion_shivam_pc_track15,test,test | (untagged),false,paused,TOO_YOUNG,₹0.1L
test_astrosamadhaan_shanixadalat_aixshani_talkingobject_26feb_creator_newtopic_ujjawalxedit_m5.1 _newtopic_shivam_pc_hook3_track55,test,test | (untagged),false,paused,TOO_YOUNG,₹0.0L
test_astrosamadhaan_babulaalkakaamfirsechala_aixbabulaal_cartoonedit91_18feb_creator_expansion_pawanxedit_m4 _expansion_hook3_track55,test,test | (untagged),false,paused,TOO_YOUNG,₹0.0L
test_sharemarket1_constructionworkerxearthquake_aixsanjeev_cartoonedit58_7feb_creator_expansion_bhaveshxedit_m5.3_inhouse_track15,test,test | (untagged),false,paused,TOO_YOUNG,₹0.0L
test_sharemarket_track15_seekho_dostnetharlelixmarketbasics_harsh_veo3_face_ai_08may26_livegen_new_newscript_performance_kartik_ext,test,test | (untagged),false,paused,TOO_YOUNG,₹0.0L
test_finance_instantloan_4x5_static_track12,test,test | (untagged),false,paused,TOO_YOUNG,₹0.0L
sarkarikaam_aadharcard_aixaadharcard_talkingobjectxtedtalkxscreen_20feb_creator_expansion_ujjawalxedit_m10_expansion_anshumali_hook1,top - 1 - sarkari kaam,top - 1 - sarkari kaam | (untagged),false,live,NOT_FATIGUE,₹438.0L
sarkarikaam_tatkalxinterview_aixberth_talkingobject_4apr_creator_expansion_pawanxedit_m2 _expansion_anshumali_pc_hook2_track1,top - 1 - sarkari kaam,top - 1 - sarkari kaam | (untagged),false,live,FATIGUED,₹5.4L
sarkarikaam_loankibheekh_aixjhulaowner_spacextalkingobjectxhuman_2apr_creator_expansion_sachinxedit_m1 _expansion_anshumali_pc_hook1,top - 1 - sarkari kaam,top - 1 - sarkari kaam | (untagged),false,live,FATIGUED,₹3.4L
sarkariservices_tatkalticketxsolveexit2_aixtatkalticket_miniaturextalkingobject_20feb_creator_expansion_bhaveshxedit_m8.1 _expansion_anshumali_hook1,top - 1 - sarkari kaam,top - 1 - sarkari kaam | (untagged),false,live,WATCH,₹2.6L
sarkarikaam_tatkalxinterview_aixluggage_talkingobject_25mar_creator_expansion_pawanxedit_m2 _expansion_anshumali_pc_hook2,top - 1 - sarkari kaam,top - 1 - sarkari kaam | (untagged),false,live,WATCH,₹2.4L
sarkarikaam_learnerslicensexskit_aixlicensexpapaxbetaxpolice_talkingobject_26feb_creator_newtopic_ujjawalxedit_m10_new format_vishal_pc_hook3,top - 1 - sarkari kaam,top - 1 - sarkari kaam | (untagged),false,live,HEALTHY,₹0.5L
sarkari_track1_seekho_tatkalxinterview_aixwaterbottle_talkingobject_animation_ai_28may26_pc_expansion_exp_creator_agency_pc_ext_anshumali_ujjawalxedit_sarkari-kaam_hook3,top - 1 - sarkari kaam,top - 1 - sarkari kaam | (untagged),false,live,TOO_YOUNG,₹0.5L
sarkaricards_aadharcard_rishabh_printeda4xminiature_11dec_faceless_expansion_m3_adsetname_rework_hook1,top - 1 - sarkari kaam,top - 1 - sarkari kaam | (untagged),false,live,NOT_FATIGUE,₹0.3L
sarkari_track1_seekho_tatkalxinterview_aixcreamroll_talkingobject_animation_ai_28may26_pc_expansion_exp_creator_agency_pc_ext_anshumali_ujjawalxedit_sarkari-kaam_hook3,top - 1 - sarkari kaam,top - 1 - sarkari kaam | (untagged),false,live,TOO_YOUNG,₹0.3L
sarkaricards_sirvoterlist_aixvotingboothexpert_bheedpanchayat_10dec_creator_expansion_adeshxedit_m1,top - 1 - sarkari kaam,top - 1 - sarkari kaam | (untagged),false,paused,HEALTHY,₹0.2L
sarkarikaam_eshramcardxmazdoorxnewscheme_lg_veo3_12march,top - 1 - sarkari kaam,top - 1 - sarkari kaam | (untagged),false,live,HEALTHY,₹0.2L
sarkarikaam_eshram_card_video_1_veo3_16_sep,top - 1 - sarkari kaam,top - 1 - sarkari kaam | (untagged),false,live,HEALTHY,₹0.2L
sarkarikaam_dlbanwanahaizarurixcardspeaking_lg_veo3_06feb,top - 1 - sarkari kaam,top - 1 - sarkari kaam | (untagged),false,paused,HEALTHY,₹0.2L
sarkarikaam_sabsekhushcountryxfacilities_lg_veo3_11feb,top - 1 - sarkari kaam,top - 1 - sarkari kaam | (untagged),false,live,WATCH,₹0.1L
sarkarikaam_allcardsxpanchayat_aixallcards_panchayat_13feb_creator_newtopic_ujjawalxedit_m5.3,top - 1 - sarkari kaam,top - 1 - sarkari kaam | (untagged),false,live,BELOW_SPEND_FLOOR,₹0.0L
sarkarikaam_aadharcard_aixaadharcard_talkingobjectxasmr_9feb_creator_expansion_ujjawalxedit_m6.2_hook1,top - 1 - sarkari kaam,top - 1 - sarkari kaam | (untagged),false,live,BELOW_SPEND_FLOOR,₹0.0L
sarkarikaam_ashokxsolarpanel_aixashok_cartoonedit6xagri_13mar_faceless_newtopic_ujjawalxedit_m5.3 _newtopic_mandle_pc_hook1,top - 1 - sarkari kaam,top - 1 - sarkari kaam | (untagged),false,live,BELOW_SPEND_FLOOR,₹0.0L
sarkariservices_tatkal_sameenxminiature_creatorcutout_11dec_creator_expansion_m3,top - 11 - sarkari services,top - 11 - sarkari services | (untagged),false,live,FATIGUED,₹10.9L
sarkariservices_tatkalxinterview_aixrajatxttxtatkalshaped_talkingobjectxhuman_11mar_creator_expansion_ujjawalxedit_m10_newformat_vishal_pc_hook2,top - 11 - sarkari services,top - 11 - sarkari services | (untagged),false,live,HEALTHY,₹7.3L
sarkariservices_tatkal_aixshantireporter_newsreporter_lg_veo3_17oct_track11,top - 11 - sarkari services,top - 11 - sarkari services | (untagged),false,live,FATIGUED,₹0.8L
sarkariservices_talkingxtatkalticket2_aixtatkalticket_talkingobject_23feb_creator_newtopic_ujjawalxedit_m5.3 _newtopic_anshumali_hook2,top - 11 - sarkari services,top - 11 - sarkari services | (untagged),false,live,FATIGUED,₹0.2L
sarkariservices_tatkalxinterview_aixsamosa_talkingobject_19mar_creator_expansion_ujjawalxedit_m1 _expansion_anshumali_pc_hook2,top - 11 - sarkari services,top - 11 - sarkari services | (untagged),false,live,WATCH,₹0.2L
sarkariservices_tatkaltricksxclaude_nikhil_printeda4_19nov_faceless_newtopic_m5.3_refinement_4dec,top - 11 - sarkari services,top - 11 - sarkari services | (untagged),false,live,WATCH,₹0.1L
diy_track117_seekho_smartxhomemaker_aixfatxsuman_aiedit_animation_ai_5may26_pc_expansion_exp_format_agency_pc_ext_shivam_bhaveshxedit_diy_hook2,top - 117 - diy - 2,top - 117 - diy - 2 | (untagged),false,live,FATIGUED,₹4.8L
diy_track117_seekho_smartxhomemaker_aixsuman_cartoonedit77_animation_ai_19may26_pc_new_new_script_agency_pc_ext_shivam_ritaxedit_diy_hook3,top - 117 - diy - 2,top - 117 - diy - 2 | (untagged),false,live,NOT_FATIGUE,₹3.2L
diy_track117_seekho_saafsafaixmicrodrama_aixvimlaxkamla_cartoonedit94_animation_ai_28apr26_pc_expansion_exp_format_agency_pc_ext_shivam_sachinxedit_diy_hook3,top - 117 - diy - 2,top - 117 - diy - 2 | (untagged),false,live,FATIGUED,₹3.2L
diy_track117_seekho_fridgeorganisationxsabseekho_arun_veo3_face_ai_19may26_livegen_new_newscript_performance_aniket_ext,top - 117 - diy - 2,top - 117 - diy - 2 | (untagged),false,live,HEALTHY,₹2.1L
diy_track117_seekho_smartxhomemaker_aixmango_talkingobject_animation_ai_23may26_pc_expansion_exp_format_agency_pc_ext_shivam_sachinxedit_diy_hook2,top - 117 - diy - 2,top - 117 - diy - 2 | (untagged),false,live,NOT_FATIGUE,₹1.4L
diy_track117_seekho_postpregnancyxdiy_aixbottlexprerna_aiedit_animation_ai_22may26_pc_expansion_exp_format_agency_pc_ext_shivam_nehaxedit_diy_hook1,top - 117 - diy - 2,top - 117 - diy - 2 | (untagged),false,live,HEALTHY,₹1.3L
diy_track117_seekho_sandeepbankxgharorganisexreworked_arun_cartoonedit_face_ai_30may26_livegen_new_newscript_performance_ashish_hook2_ext,top - 117 - diy - 2,top - 117 - diy - 2 | (untagged),false,live,TOO_YOUNG,₹1.1L
diy_track117_seekho_gharorganisekaroxcleanrakho_arun_microdrama_face_ai_19may26_livegen_new_newscript_performance_aniket_hook1_ext,top - 117 - diy - 2,top - 117 - diy - 2 | (untagged),false,live,FATIGUED,₹0.9L
diy_track117_seekho_clothesxmanage_aixspoon_talkingobject_animation_ai_30may26_pc_expansion_exp_format_agency_pc_ext_shivam_nehaxedit_diy_hook3,top - 117 - diy - 2,top - 117 - diy - 2 | (untagged),false,paused,TOO_YOUNG,₹0.9L
diy_smartxhomemaker_aixsuman_cartoonedit33_20may26_creator_expansion_pawanxedit_m5.3s1_expansion_shivam_pc_hook1_internal_asmr_track117,top - 117 - diy - 2,top - 117 - diy - 2 | (untagged),false,live,HEALTHY,₹0.9L
diy_track117_seekho_gharkisafaaixsmafrthacks_ashulaal_cartoonedit_face_ai_14may26_livegen_new_newscript_performance_aniket_ext,top - 117 - diy - 2,top - 117 - diy - 2 | (untagged),false,paused,NOT_FATIGUE,₹0.7L
diy__track117_seekho_3daysmaidmissingxcrosscategory_ujjawal_miniaturehuman_14may26_creator_exitsolve_m7.2_ext,top - 117 - diy - 2,top - 117 - diy - 2 | (untagged),false,paused,HEALTHY,₹0.6L
diy_track117_seekho_cuppersonified_cartoonedit_27may26_inhouse_exp_kartik_ext,top - 117 - diy - 2,top - 117 - diy - 2 | (untagged),false,live,TOO_YOUNG,₹0.6L
diy_track117_seekho_screwdriverxphonerepairingshop_arun_microdrama_face_ai_21may26_livegen_new_newscript_performance_aniket_ext,top - 117 - diy - 2,top - 117 - diy - 2 | (untagged),false,paused,HEALTHY,₹0.5L
diy_track117_seekho_diyxkitchenhacks_vinal_testimonialxchores_face_human_2jun26_pc_expansion_exp_format_agency_pc_ext_shivam_bhaveshxedit_diy_hook3,top - 117 - diy - 2,top - 117 - diy - 2 | (untagged),false,paused,TOO_YOUNG,₹0.5L
diy_track117_seekho_gharkabtheekkaregaxswitchepair_arun_microdrama_face_ai_20may26_livegen_new_newscript_performance_aniket_ext,top - 117 - diy - 2,top - 117 - diy - 2 | (untagged),false,live,NOT_FATIGUE,₹0.5L
diy_track117_seekho_aixvimlaxkamla_aixvimlaxkamla_cartoonedit77_animation_ai_13may26_pc_expansion_exp_format_agency_pc_ext_shivam_ritaxedit_diy_hook3,top - 117 - diy - 2,top - 117 - diy - 2 | (untagged),false,live,HEALTHY,₹0.3L
diy_track117_seekho_newhooksxdiyxmaid2xvaibhavxmicrodrama_aixspoon_talkingobject_animation_ai_1jun26_pc_expansion_exp_format_agency_pc_ext_shivam_pawanxedit_diy_hook2,top - 117 - diy - 2,top - 117 - diy - 2 | (untagged),false,paused,TOO_YOUNG,₹0.3L
diy_saafsafaixmicrodrama_aixkamla_cartoonedit39_20feb_creator_expansion_pawan xedit_m1 _expansion_shivam_hook3,top - 117 - diy - 2,top - 117 - diy - 2 | (untagged),false,paused,FATIGUED,₹0.2L
finance_gareebxfinancex90_mix2dec2_asmr_2dec_faceless_newtopic_m1_track12,top - 12 - finance (aa),top - 12 - finance (aa) | (untagged),false,live,WATCH,₹2.8L
finance_gareebxfinancex90_miniaturexmix16dec2_asmr_16dec_faceless_expansion_m1_track12,top - 12 - finance (aa),top - 12 - finance (aa) | (untagged),false,paused,WATCH,₹2.8L
finance_track12_seekho_lowcibiloan_moon_miniaturehuman_animation_ai_8may26_pc_expansion_exp_format_agency_pc_ext_anshumali_bhaveshxedit_finance_hook2,top - 12 - finance (aa),top - 12 - finance (aa) | (untagged),false,paused,NOT_FATIGUE,₹2.0L
finance_track12_seekho_lowcibiloan_suraj_wbxipadpov_splitscreen_human_13may26_pc_expansion_exp_format_agency_pc_ext_anshumali_nikhilxedit_finance_hook2,top - 12 - finance (aa),top - 12 - finance (aa) | (untagged),false,live,HEALTHY,₹1.7L
finance_gareebxmindsetxaadatxcg1_aixdeepak_cartoonedit66_17feb_creator_expansion_rishabhxedit_m5.3 _horizontal new_track12,top - 12 - finance (aa),top - 12 - finance (aa) | (untagged),false,paused,WATCH,₹1.1L
finance_track12_seekho_realpeoplexinterviewxfin_raghav_realinterview_face_human_27may26_khandelwal_new_new_script_agency_pc_ext_anshumali_raghavxedit_finance_body,top - 12 - finance (aa),top - 12 - finance (aa) | (untagged),false,live,TOO_YOUNG,₹0.9L
finance_track12_seekho_lowcibiloan_aixevilpanipuri_talkingobject_face_ai_18may26_pc_expansion_exp_format_agency_pc_ext_anshumali_sachinxedit_finance_hook3,top - 12 - finance (aa),top - 12 - finance (aa) | (untagged),false,paused,HEALTHY,₹0.8L
finance_gareebxfinancexadvice_aixnotexcoinxpapaxbeta_talkingobject_26feb_creator_newtopic_ujjawalxedit_m10_new format_vishal_pc_track12,top - 12 - finance (aa),top - 12 - finance (aa) | (untagged),false,live,WATCH,₹0.7L
finance_gareebxfinancex90_mix2x26jan_asmr_26jan_faceless_expansion_m2_hook1_track12,top - 12 - finance (aa),top - 12 - finance (aa) | (untagged),false,paused,FATIGUED,₹0.1L
finance_timewastexfinance_mix6janxasmrexp_asmr_1jan_faceless_expansion_m1_asmrexp_hook3_track12,top - 12 - finance,top - 12 - finance | (untagged),false,paused,NOT_FATIGUE,₹4.8L
finance_timewastexfinance_mix5janxasmrexp_asmr_1jan_faceless_expansion_m1_asmrexp_hook3_track12,top - 12 - finance,top - 12 - finance | (untagged),false,live,NOT_FATIGUE,₹4.6L
finance_track12_seekho_loankibheekh_moses_humanxtalkingobject_face_human_4may26_pc_expansion_exp_creator_agency_pc_ext_anshumali_raghavxedit_finance_hook2,top - 12 - finance,top - 12 - finance | (untagged),false,live,NOT_FATIGUE,₹4.2L
finance_track12_seekho_lowcibiloan_kaveri_testimonialxchores_face_human_1jun26_pc_expansion_exp_format_agency_pc_ext_anshumali_raghavxedit_finance_hook1,top - 12 - finance,top - 12 - finance | (untagged),false,live,HEALTHY,₹1.8L
finance_loanmuktix90xnewhook_aixrajatxaixfriend2_2person_23oct_creator_newtopic_bhaveshxedit_m6.1_hook1_track12,top - 12 - finance,top - 12 - finance | (untagged),false,live,FATIGUED,₹0.4L
finance_becomessuccesfulxfinance_mix2sep18_asmr_11oct_faceless_expansion_track12,top - 12 - finance,top - 12 - finance | (untagged),false,paused,WATCH,₹0.4L
finance_gareebxfinancex90_mix_asmr_lg_veo3_4nov_track12,top - 12 - finance,top - 12 - finance | (untagged),false,paused,HEALTHY,₹0.3L
finance_gareebxfinancex90_aixfemale5_trendingfemalepersona_1feb_creator_expansion_ujjawalxedit_m12_hook2_track12,top - 12 - finance,top - 12 - finance | (untagged),false,live,WATCH,₹0.2L
finance_lowcibiloan_bhavesh_printeda4xminiature_10jan_faceless_expansion_m1_hook2_track12,top - 12 - finance,top - 12 - finance | (untagged),false,paused,FATIGUED,₹0.2L
finance_gareebxfinancex90_mix5sep4_ai_shreyansh_adlive_20dec_track12,top - 12 - finance,top - 12 - finance | (untagged),false,live,WATCH,₹0.2L
finance_timewastexfinancexlowchurn_yogesh_classroom_asmr_karan_adlive_20dec_track12,top - 12 - finance,top - 12 - finance | (untagged),false,live,FATIGUED,₹0.2L
finance_paytmloanxskit_aixhumanxloanxbankxpaytm_talkingobject_24feb_creator_newtopic_ujjawalxedit_m10_new format_vishal_hook3_track12,top - 12 - finance,top - 12 - finance | (untagged),false,paused,FATIGUED,₹0.2L
finance_fn04__md-splitscreen_nadeem_26feb_track12,top - 12 - finance,top - 12 - finance | (untagged),false,live,FATIGUED,₹0.1L
finance_loanmuktix90xnewhook_aixanwarxaixmbouncers_skit_30oct_creator_expansion_bhaveshxedit_m2_hook1_track12,top - 12 - finance,top - 12 - finance | (untagged),false,live,WATCH,₹0.1L
finance_cibildown3_aixrajeev_cartoonedit36_30jan_creator_newtopic_nehaxedit_m10_inhouse,top - 12 - finance,top - 12 - finance | (untagged),false,paused,HEALTHY,₹0.1L
finance_gareebxfinancex90_bhavesh_miniaturehuman_8dec_creator_expansion_m1_hook1_track12,top - 12 - finance,top - 12 - finance | (untagged),false,paused,TOO_YOUNG,₹0.0L
finance_10rschaixtestimony_aixchaixadvocatexlayman_aapkiadaalatxtalkingobject_26feb_creator_newtopic_ujjawalxedit_m10_new format_vishal_pc_hook2_track12,top - 12 - finance,top - 12 - finance | (untagged),false,live,TOO_YOUNG,₹0.0L
utilise_protalker_mix19sep7_asmr_21sep_faceless_newtopic_fe,top - 14 - utilise time,top - 14 - utilise time | (untagged),false,live,WATCH,₹14.4L
utilisetime_gareebx2_suraj_wb_7mar_creator_expansion_m1 _expansion_anshumali_aniket_hook1,top - 14 - utilise time,top - 14 - utilise time | (untagged),false,live,WATCH,₹13.6L
utilisetime_track14_seekho_ameeersecret_nikhil_testimonialxchores_face_human_5may26_pc_expansion_exp_format_agency_pc_ext_anshumali_nikhilxedit_utilise_hook3,top - 14 - utilise time,top - 14 - utilise time | (untagged),false,live,NOT_FATIGUE,₹12.2L
utilisetime_track14_seekho_ameersecretapp_aixevilpanipuri_talkingobject_face_ai_25apr26_pc_expansion_exp_creator_agency_pc_ext_anshumali_pawanxedit_utilise_hook3,top - 14 - utilise time,top - 14 - utilise time | (untagged),false,paused,NOT_FATIGUE,₹8.8L
utilisetime_instareelsetimewaste_vlog_vidrow_rework_20mar_hook2,top - 14 - utilise time,top - 14 - utilise time | (untagged),false,live,WATCH,₹6.0L
utilisetime_track14_seekho_daily3000xemotional_tushar_streetinterview_face_human_15may26_pc_expansion_exp_creator_agency_pc_ext_anshumali_raghavxedit_utilise_hook1,top - 14 - utilise time,top - 14 - utilise time | (untagged),false,live,WATCH,₹4.0L
utilise_ameersecretapp_mix5sep4_asmr_8sep_faceless_expansion_hook1,top - 14 - utilise time,top - 14 - utilise time | (untagged),false,live,WATCH,₹2.4L
utilisetime_gadhamajdoorixcrafto_nikhil_wb_4apr_creator_expansion_m1 _expansion_anshumali_pc_track14,top - 14 - utilise time,top - 14 - utilise time | (untagged),false,live,NOT_FATIGUE,₹2.2L
utilisetime_track14_seekho_ameersecretapp_mahendra_testimonialxchores_face_human_27may26_pc_expansion_exp_format_agency_pc_ext_anshumali_raghavxedit_utilise_hook2,top - 14 - utilise time,top - 14 - utilise time | (untagged),false,live,TOO_YOUNG,₹2.2L
utilise_timewaste_carpetcleaning7_asmr_9july_faceless_expansion_hook3,top - 14 - utilise time,top - 14 - utilise time | (untagged),false,live,WATCH,₹1.7L
utilisetime_track14_seekho_cookxcloudkitchen_aixfooditem_talkingobject_animation_ai_8may26_pc_expansion_exp_format_agency_pc_ext_shivam_sachinxedit_pti_hook1,top - 14 - utilise time,top - 14 - utilise time | (untagged),false,live,HEALTHY,₹1.5L
utilisetime_track14_seekho_logiphonekhareedletehaixskillnahiseekhte_priyanka_veo3_face_ai_20may26_livegen_new_newscript_performance_aniket_hook3_ext,top - 14 - utilise time,top - 14 - utilise time | (untagged),false,paused,HEALTHY,₹1.5L
utilisetime_track14_seekho_cookxcloudkitchen_aixirfan_bobblehead_animation_ai_27apr26_pc_expansion_exp_format_agency_pc_ext_shivam_ujjawalxedit_pti_hook2,top - 14 - utilise time,top - 14 - utilise time | (untagged),false,live,WATCH,₹1.5L
utilisetime_track14_seekho_oldhusbandxpti_aixspoon_talkingobject_animation_ai_3jun26_pc_expansion_exp_format_agency_pc_ext_shivam_ritaxedit_pti_hook2,top - 14 - utilise time,top - 14 - utilise time | (untagged),false,live,TOO_YOUNG,₹1.4L
utilisetime_track14_seekho_sonesepehleseekho_aixbhootni_closeupxvlog_face_ai_16may26_pc_expansion_exp_creator_agency_pc_ext_anshumali_utkarshxedit_utilise_hook3,top - 14 - utilise time,top - 14 - utilise time | (untagged),false,live,WATCH,₹1.2L
utilisetime_track14_seekho_gandivideoskenuksaan_aixbanana_talkingobject_animation_ai_4jun26_pc_expansion_exp_format_agency_pc_ext_anshumali_sachinxedit_utilise_hook2,top - 14 - utilise time,top - 14 - utilise time | (untagged),false,live,TOO_YOUNG,₹1.1L
utilise_gareeb_rivercleaning_asmr_14july_faceless_expansion_hook3,top - 14 - utilise time,top - 14 - utilise time | (untagged),false,paused,FATIGUED,₹1.1L
utilisetime_track14_seekho_khudkeuparrozlagao15minute_sumit_veo3_face_ai_03june26_livegen_new_expansion_performance_kartik_ext,top - 14 - utilise time,top - 14 - utilise time | (untagged),false,live,TOO_YOUNG,₹0.9L
utilisetime_track14_seekho_harcheezxpaisaxpti_sandeep_printeda4_animation_ai_28apr26_pc_new_new_crosstest_agency_pc_ext_shivam_sandeepxedit_pti,top - 14 - utilise time,top - 14 - utilise time | (untagged),false,paused,NOT_FATIGUE,₹0.8L
utilisetime_track14_seekho_middleclassxlowexit_aixasmrgirl_closeupxvlog_face_ai_16apr26_pc_expansion_exp_format_agency_pc_ext_anshumali_ujjawalxedit_utilise_hook1,top - 14 - utilise time,top - 14 - utilise time | (untagged),false,paused,FATIGUED,₹0.7L
utilisetime_track14_seekho_agencytesting4_aniket_creek_3jun26_ext,top - 14 - utilise time,top - 14 - utilise time | (untagged),false,live,TOO_YOUNG,₹0.5L
utilisetime_track14_seekho_sonesepehleseekho_aixbhootni_closeupxvlog_face_ai_16may26_pc_expansion_exp_creator_agency_pc_ext_anshumali_utkarshxedit_utilise_hook1,top - 14 - utilise time,top - 14 - utilise time | (untagged),false,live,HEALTHY,₹0.5L
utilisetime_ameersecretapp_mix19oct2_asmr_19oct_faceless_expansion_hook3_track14,top - 14 - utilise time,top - 14 - utilise time | (untagged),false,live,TOO_YOUNG,₹0.5L
utilise_becomessucessful_aixdgp_carinterview_26sep_creator_expansion_hook1,top - 14 - utilise time,top - 14 - utilise time | (untagged),false,live,WATCH,₹0.5L
utilisetime_successkyahaixvaibhav_aixspeaker_meet&greettalkxscreen_28feb_creator_newtopic_ujjawalxedit_m5.3 _newtopic_anshumali_pc_hook3,top - 14 - utilise time,top - 14 - utilise time | (untagged),false,paused,FATIGUED,₹0.4L
utilise_gareeb2_mix31aug2_asmr_31aug_faceless_expansion_hook2,top - 14 - utilise time,top - 14 - utilise time | (untagged),false,live,FATIGUED,₹0.4L
utilise_taqatwarinsaan_aixcoach_panchayat_30aug_creator_expansion_hook3,top - 14 - utilise time,top - 14 - utilise time | (untagged),false,live,FATIGUED,₹0.3L
utilisetime_sureshxpaanxtapri_newscript_microdrama_livegen_veo3_12dec,top - 14 - utilise time,top - 14 - utilise time | (untagged),false,paused,FATIGUED,₹0.3L
utilisetime_seekho_gareebgharxshaadixpti_aixmomo_talkingobject_animation_ai_13apr26_pc_expansion_exp_script_agency_pc_ext_shivam_sachinxedit_pti_hook2_track14,top - 14 - utilise time,top - 14 - utilise time | (untagged),false,live,FATIGUED,₹0.3L
utilise_5aadatein_daya_ad2_23sep_hook1_new,top - 14 - utilise time,top - 14 - utilise time | (untagged),false,paused,FATIGUED,₹0.3L
utilisetime_kalluxnewhook2_bhavesh_microdrama_8dec_faceless_expansion_microdramaxtweak_hook2_track14,top - 14 - utilise time,top - 14 - utilise time | (untagged),false,live,TOO_YOUNG,₹0.2L
utilisetime_track14_seekho_salimsonipatxsahiistemaaltimeka_priyanka_cartoonedit_face_ai_21may26_livegen_new_newscript_performance_aniket_ext,top - 14 - utilise time,top - 14 - utilise time | (untagged),false,live,HEALTHY,₹0.2L
utilisetime_kahanixpoojaki_newscript_microdrama_livegen_veo3_15dec_track14,top - 14 - utilise time,top - 14 - utilise time | (untagged),false,live,TOO_YOUNG,₹0.1L
utilise_timewaste_daya_23sep_hook1_new_track14,top - 14 - utilise time,top - 14 - utilise time | (untagged),false,live,TOO_YOUNG,₹0.1L
utilise_becomesucessful_manish_tv_19sep_creator_expansion_hook1,top - 14 - utilise time,top - 14 - utilise time | (untagged),false,live,BELOW_SPEND_FLOOR,₹0.0L
sharemarket1_raatxkoxofficexvisualhook_bhavesh_persepolisxcartoonedit_24jan_faceless_expansion_m6.2_hook1_rework_05feb,top - 15 - stock market - 2,top - 15 - stock market - 2 | (untagged),false,live,FATIGUED,₹8.6L
sharemarket_track15_seekho_kismatsenahixakalsehogamarketbasics_palak_veo3_face_ai_21may26_livegen_new_expansion_performance_kartik_ext,top - 15 - stock market - 2,top - 15 - stock market - 2 | (untagged),false,live,FATIGUED,₹7.0L
sharemarket_track15_seekho_chotabhaitharxmarketbasicsxsalary_ankit_veo3_face_ai_19may26_livegen_new_expansion_performance_kartik_ext,top - 15 - stock market - 2,top - 15 - stock market - 2 | (untagged),false,live,WATCH,₹6.3L
sharemarket_track15_seekho_marketbasicsseekho_harsh_asmr_face_ai_13may26_livegen_new_newscript_performance_kartik_ext,top - 15 - stock market - 2,top - 15 - stock market - 2 | (untagged),false,live,HEALTHY,₹4.5L
sharemarket_track15_seekho_smxscreener_aixsmxobjects_aiedit_animation_ai_2may26_kartik_new_new_script_agency_pc_ext_shivam_ujjawalxedit_sharemarket,top - 15 - stock market - 2,top - 15 - stock market - 2 | (untagged),false,live,NOT_FATIGUE,₹4.2L
sharemarket_track15_seekho_rozxnayaxseekhoxsm_nikhil_ipadpov_faceless_human_29may26_pc_new_new_script_agency_pc_ext_shivam_nikhilxedit_sharemarket,top - 15 - stock market - 2,top - 15 - stock market - 2 | (untagged),false,paused,TOO_YOUNG,₹1.7L
sharemarket_track15_seekho_harrroz15minutexsharemarketseekho _bhavesh_splitxasmr_faceless_human_3jun26_pc_expansion_exp_format_agency_pc_ext_shivam_bhaveshxedit_sharemarket_hook1,top - 15 - stock market - 2,top - 15 - stock market - 2 | (untagged),false,live,TOO_YOUNG,₹1.5L
sharemarket_track15_seekho_deltaexchangexclone4_aixsmxobject_talkingobject_animation_ai_20apr26_pc_expansion_exp_format_agency_pc_ext_shivam_sachinxedit_sharemarket,top - 15 - stock market - 2,top - 15 - stock market - 2 | (untagged),false,paused,WATCH,₹1.4L
sharemarket_track15_seekho_harrroz15minutexsharemarketseekho_nikhil_wbpov_faceless_human_20may26_pc_expansion_exp_format_agency_pc_ext_shivam_nikhilxedit_sharemarket_internal_asmr,top - 15 - stock market - 2,top - 15 - stock market - 2 | (untagged),false,live,HEALTHY,₹1.3L
sharemarket_track15_seekho_newhooksxsearchstocks_om_tv_face_human_25may26_pc_expansion_exp_format_agency_pc_ext_shivam_omxedit_sharemarket_hook2,top - 15 - stock market - 2,top - 15 - stock market - 2 | (untagged),false,live,HEALTHY,₹1.0L
sharemarket_track15_seekho_marketopenxsm_gaurav_tv_face_human_7may26_pc_expansion_exp_creator_agency_pc_ext_shivam_omxedit_sharemarket_hook1,top - 15 - stock market - 2,top - 15 - stock market - 2 | (untagged),false,live,TOO_YOUNG,₹0.8L
sharemarket1_bikeshowroom_newscript_veo3_2feb,top - 15 - stock market - 2,top - 15 - stock market - 2 | (untagged),false,live,FATIGUED,₹0.6L
sharemarket_track15_seekho_marketopenxsm_aixsmxobjects_aiedit_animation_ai_20may26_pc_expansion_exp_format_agency_pc_ext_mandle_utkarshxedit_sharemarket_hook1,top - 15 - stock market - 2,top - 15 - stock market - 2 | (untagged),false,live,HEALTHY,₹0.4L
sharemarket1_tradingxtalkingobjectxvaibhav_aixintradaytrading_talkingobject_6feb_creator_newtopic_nehaxedit_m10_hook1,top - 15 - stock market - 2,top - 15 - stock market - 2 | (untagged),false,paused,HEALTHY,₹0.4L
sharemarket1_harrroz15minutexsharemarketseekho_expansion_halfscreenasmr_adlive_jagrat_adlive_12feb,top - 15 - stock market - 2,top - 15 - stock market - 2 | (untagged),false,paused,FATIGUED,₹0.4L
sharemarket_track15_seekho_marketopenxsm_mahendra_classroom_face_human_27may26_pc_expansion_exp_format_agency_pc_ext_shivam_raghavxedit_sharemarket_hook1,top - 15 - stock market - 2,top - 15 - stock market - 2 | (untagged),false,live,TOO_YOUNG,₹0.2L
sharemarket1_widowxsharexborntoxtrader_bahvesh_persepolisxcartoonedit_15jan_faceless_newtopic_m5.2_hook2,top - 15 - stock market - 2,top - 15 - stock market - 2 | (untagged),false,live,FATIGUED,₹0.2L
sharemarket_track15_seekho_marketpehlebhijuathaxaajbhijuahai_palak_veo3_face_ai_27may26_livegen_new_expansion_performance_kartik_ext,top - 15 - stock market - 2,top - 15 - stock market - 2 | (untagged),false,paused,TOO_YOUNG,₹0.1L
sharemarket1_acchesesamajhkekamayapaisaxpaisabachao_cartoonedit_lg_31jan,top - 15 - stock market - 2,top - 15 - stock market - 2 | (untagged),false,paused,BELOW_SPEND_FLOOR,₹0.1L
sharemarket1_karzxbadhtaxgya_newscript_microdrama_livegen_veo3_15dec,top - 15 - stock market - 2,top - 15 - stock market - 2 | (untagged),false,paused,BELOW_SPEND_FLOOR,₹0.1L
sharemarket_track15_seekho_gappriceaction_aixgreencandle_talkingobject_animation_ai_30may26_pc_new_new_script_agency_pc_ext_mandle_sachinxedit_sharemarket_hook3,top - 15 - stock market - 2,top - 15 - stock market - 2 | (untagged),false,live,TOO_YOUNG,₹0.0L
sharemarket1_raatxkoxoffice_aixabhishekpolice_microdrama_11dec_creator_expansion_bhaveshxedit_m1_adsetname_rework_hook1,top - 15 - stock market - 2,top - 15 - stock market - 2 | (untagged),false,live,BELOW_SPEND_FLOOR,₹0.0L
sharemarket1_dostkigaadi_bhavesh_cartoonedit39_1feb_creator_expansion_m3_hook2,top - 15 - stock market - 2,top - 15 - stock market - 2 | (untagged),false,paused,TOO_YOUNG,₹0.0L
sharemarket1_localsesuccessxsm_aixrohan_microdrama_6jan_creator_newtopic_bhaveshxedit_m5.3_adsetname_rework_hook3,top - 15 - stock market - 2,top - 15 - stock market - 2 | (untagged),false,paused,TOO_YOUNG,₹0.0L
sharemarket1_pregnancyxearningxsharemarket_aixfemalepatient_skit_18dec_creator_expansion_bhaveshxedit_m2,top - 15 - stock market - 2,top - 15 - stock market - 2 | (untagged),false,live,BELOW_SPEND_FLOOR,₹0.0L
sharemarket1_widowxsharexoverallpitch_aixwidow_cartoonedit33_21feb_creator_expansion_rishabhxedit_m1 _expansion_shivam_hook3,top - 15 - stock market - 2,top - 15 - stock market - 2 | (untagged),false,paused,BELOW_SPEND_FLOOR,₹0.0L
sharemarket1_400kaxprofit_newscript_microdrama_livegen_veo3_15dec,top - 15 - stock market - 2,top - 15 - stock market - 2 | (untagged),false,live,TOO_YOUNG,₹0.0L
sharemarket_track15_seekho_dostnetharlelixmarketbasics_harsh_veo3_face_ai_08may26_livegen_new_newscript_performance_kartik_ext,top - 15 - stock market,top - 15 - stock market | (untagged),false,live,FATIGUED,₹9.6L
sharemarket_track15_seekho_wronghabitsxsm_suraj_wb_face_human_24apr26_khandelwal_new_new_script_agency_pc_ext_shivam_nikhilxedit_sharemarket_hook3,top - 15 - stock market,top - 15 - stock market | (untagged),false,live,FATIGUED,₹5.0L
sharemarket1_skydivingxdadixsm_aixdadixbeta_skydiving_2apr_creator_expansion_bhaveshxedit_m1 _expansion_shivam_pc_hook2,top - 15 - stock market,top - 15 - stock market | (untagged),false,live,FATIGUED,₹3.3L
sharemarket_track15_seekho_marketopenxsm_nikhil_wbpov_animation_ai_11may26_pc_expansion_exp_format_agency_pc_ext_shivam_nikhilxedit_sharemarket_hook1,top - 15 - stock market,top - 15 - stock market | (untagged),false,live,NOT_FATIGUE,₹2.9L
sharemarket_track15_seekho_kamayadoobamarketmexoptiontraders_palak_veo3_face_ai_21may26_livegen_new_expansion_performance_kartik_ext,top - 15 - stock market,top - 15 - stock market | (untagged),false,live,WATCH,₹1.3L
sharemarket1_widowxshare_bhavesh_breadwinnerxcartoonedit_9jan_faceless_expansion_m2_hook1,top - 15 - stock market,top - 15 - stock market | (untagged),false,live,FATIGUED,₹1.2L
sharemarket1_track15_seekho_emaxstxsm_aixsmxobject_talkingobject_animation_ai_25apr26_kartik_new_new_script_agency_pc_ext_shivam_pawanxedit_sharemarket1_hook1,top - 15 - stock market,top - 15 - stock market | (untagged),false,live,FATIGUED,₹1.0L
sharemarket1_bachattxclonexpapabeta_mosesxpraveen_2person_1apr_creator_expansion_m1 _expansion_shivam_pc_hook3,top - 15 - stock market,top - 15 - stock market | (untagged),false,paused,FATIGUED,₹0.8L
sharemarket_track15_seekho_redgreencandlev1_aixgreencandle1_talkingobject_animation_ai_22may26_pc_expansion_exp_formatxhook_agency_pc_ext_mandle_ritaxedit_sharemarket_hook1,top - 15 - stock market,top - 15 - stock market | (untagged),false,live,HEALTHY,₹0.5L
sharemarket_track15_seekho_redgreencandlev1_aixgreencandle2_talkingobject_animation_ai_22may26_pc_expansion_exp_formatxhook_agency_pc_ext_mandle_ritaxedit_sharemarket_hook2,top - 15 - stock market,top - 15 - stock market | (untagged),false,paused,HEALTHY,₹0.4L
sharemarket1_lastdelivery_aixdeliveryboy_cartoonedit79_1apr_creator_expansion_pawanxedit_m1 _expansion_shivam_pc,top - 15 - stock market,top - 15 - stock market | (untagged),false,paused,WATCH,₹0.4L
sharemarket1_amitxdeliveryxguy_newscript_microdrama_livegen_veo3_20dec,top - 15 - stock market,top - 15 - stock market | (untagged),false,paused,TOO_YOUNG,₹0.0L
sharemarket1_sharemarketxjuaxvaibhav_aixbaapxbeta_microdrama_11feb_creator_newtopic_bhaveshxedit_m5.3s1_hook2,top - 15 - stock market,top - 15 - stock market | (untagged),false,live,BELOW_SPEND_FLOOR,₹0.0L
sharemarket1_emotionalxsharexmicrodrama_bhavesh_breadwinnerxcartoonedit_17dec_faceless_expansion_m3_adsetname_rework,top - 15 - stock market,top - 15 - stock market | (untagged),false,live,TOO_YOUNG,₹0.0L
facebook_viewsstuckxvisual_aixplasticbox_visualhook_3apr_creator_expansion_ujjawalxedit_m1 _expansion_shivam_pc_hook2,top - 153 - facebook(aa),top - 153 - facebook(aa) | (untagged),false,live,FATIGUED,₹0.7L
facebook_track153_seekho_viewsstuckxvisual_om_tv_face_human_9may26_pc_expansion_exp_format_agency_pc_ext_shivam_omxedit_facebook_hook1,top - 153 - facebook(aaa),top - 153 - facebook(aaa) | (untagged),false,live,NOT_FATIGUE,₹4.9L
facebook_fbxalgo_nikhil_ipadpov_28mar_faceless_expansion_m5.1 _horizontalexpansion_shivam_pc_hook3,top - 153 - facebook(aaa),top - 153 - facebook(aaa) | (untagged),false,live,FATIGUED,₹3.0L
facebook_track153_seekho_fbpagegrowthkaisekare_palak_cartoonedit_face_ai_07may26_livegen_new_newscript_performance_gourav_hook1_ext,top - 153 - facebook(aaa),top - 153 - facebook(aaa) | (untagged),false,live,HEALTHY,₹1.9L
facebook_track153_seekho_consistenttimesepagegrowxfb02_palak_human_face_ai_02may26_livegen_new_newscript_performance_gourav_hook3_ext,top - 153 - facebook(aaa),top - 153 - facebook(aaa) | (untagged),false,live,FATIGUED,₹0.5L
pti_gullakxskillsxpti_om_tv_25mar_creator_expansion_m5.1 _horizontalexpansion_shivam_pc_hook3,top - 2 - pti,top - 2 - pti | (untagged),false,live,FATIGUED,₹14.8L
pti_becomessucessfulxptix2min_aixbusinessmanxold_tedtalkxtv_21nov_creator_expansion_bhaveshxedit_m2_hook1,top - 2 - pti,top - 2 - pti | (untagged),false,live,FATIGUED,₹11.9L
pti_gaanesekamai_human_conversational_10april_track02,top - 2 - pti,top - 2 - pti | (untagged),false,live,FATIGUED,₹3.2L
pti_seekho_papakathappadxptixpov_om_tv_face_human_11apr26_pc_expansion_exp_format_agency_pc_ext_shivam_omxedit_pti_hook2_track2,top - 2 - pti,top - 2 - pti | (untagged),false,live,FATIGUED,₹2.7L
pti_track2_seekho_erickshawxptixpov_nikhil_ipadpov_faceless_human_29may26_pc_expansion_exp_script_agency_pc_ext_shivam_nikhilxedit_pti_hook1,top - 2 - pti,top - 2 - pti | (untagged),false,live,HEALTHY,₹1.3L
pti_track2_seekho_gullakxskillsxpti_nikhil_printeda4_faceless_human_16may26_pc_expansion_exp_format_agency_pc_ext_shivam_nikhilxedit_pti_hook1,top - 2 - pti,top - 2 - pti | (untagged),false,live,FATIGUED,₹1.0L
pti_deliveryboyxpti_aixdeliveryboy_persepolisxcartoonedit_27mar_faceless_expansion_pawanxedit_m1 _expansion_shivam_pc_hook1_track02,top - 2 - pti,top - 2 - pti | (untagged),false,live,FATIGUED,₹0.4L
pti_deliveryboyxpti_aixsonu_bobalmostxcartoonedit_20mar_faceless_expansion_pawanxedit_m1 _expansion_shivam_pc_hook1_track02,top - 2 - pti,top - 2 - pti | (untagged),false,paused,WATCH,₹0.4L
pti_karzxmicrodramaxpov_nikhil_ipadpov_19feb_faceless_newtopic_m1 _expansion_shivam_hook2_track02,top - 2 - pti,top - 2 - pti | (untagged),false,live,TOO_YOUNG,₹0.4L
pti_track2_seekho_lowbalxpti_sethi_classroom_face_human_27may26_pc_expansion_exp_format_agency_pc_ext_shivam_raghavxedit_pti_hook2,top - 2 - pti,top - 2 - pti | (untagged),false,paused,TOO_YOUNG,₹0.2L
pti_track2_seekho_electricianwife_raksha_testimonialxchores_face_human_26may26_khandelwal_new_exp_format_agency_pc_ext_mandle_raghavxedit_pti_hook3,top - 2 - pti,top - 2 - pti | (untagged),false,live,TOO_YOUNG,₹0.2L
horxother_track342_seekho_gharkinaari_kittu_testimonialxchores_face_human_23apr26_pc_expansion_exp_format_agency_pc_ext_anshumali_raghavxedit_career_hook2,top - 342 - horxother,top - 342 - horxother | (untagged),false,paused,HEALTHY,₹10.3L
horxothers_seekho_organisehomexdiy_aixmakeup_talkingobject_animation_ai_10apr26_aniket_expansion_new_script_inhouse_pc_ext_shivam_sachinxedit_diy_hook3_track342,top - 342 - horxother,top - 342 - horxother | (untagged),false,paused,FATIGUED,₹5.2L
horxother_track342_seekho_erickshawxpti_aixramesh_bobalmostxcartoonedit_animation_ai_16apr26_pc_new_exp_format_agency_pc_ext_shivam_pawanxedit_pti_hook1,top - 342 - horxother,top - 342 - horxother | (untagged),false,paused,WATCH,₹3.7L
horxothers_seekho_organisehomexdiy_aixsunita_aiedit_animation_ai_11apr26_aniket_expansion_new_script_agency_pc_ext_shivam_ujjawalxedit_diy_hook1_track342,top - 342 - horxother,top - 342 - horxother | (untagged),false,live,WATCH,₹3.3L
horxother_track342_seekho_4hrswastexinsta_bhavesh_asmr_faceless_ai_4may26_pc_new_new_script_agency_pc_ext_mandle_bhaveshxedit_insta_hook3,top - 342 - horxother,top - 342 - horxother | (untagged),false,live,FATIGUED,₹2.5L
horxother_track342_seekho_divorcexcareer_aixfooditems3_talkingobject_face_ai_14apr26_pc_expansion_exp_format_agency_pc_ext_anshumali_pawanxedit_career_hook2,top - 342 - horxother,top - 342 - horxother | (untagged),false,paused,WATCH,₹1.6L
horxother_track342_seekho_gharkinaari_aixspoon_talkingobject_face_ai_18apr26_pc_expansion_exp_format_agency_pc_ext_anshumali_sachinxedit_career_hook3,top - 342 - horxother,top - 342 - horxother | (untagged),false,paused,FATIGUED,₹1.6L
horxother_track342_seekho_nightguardxpti_aixomprakash_papercutxcartoonedit_animation_ai_1may26_pc_new_new_script_agency_pc_ext_mandle_pawanxedit_pti_hook1,top - 342 - horxother,top - 342 - horxother | (untagged),false,paused,WATCH,₹1.6L
horxother_track342_seekho_ericksahwxcareer_aixfatpriya_microdrama_face_ai_2may26_pc_expansion_exp_creator_agency_pc_ext_anshumali_ujjawalxedit_career_hook3,top - 342 - horxother,top - 342 - horxother | (untagged),false,paused,NOT_FATIGUE,₹1.1L
horxother_track342_seekho_toofanjaisagharxhousemanagement_palak_microdrama_face_ai_12may26_livegen_new_newscript_performance_aniket_ext,top - 342 - horxother,top - 342 - horxother | (untagged),false,paused,HEALTHY,₹1.0L
horxother_track342_seekho_erickshawxpti_aixmango_talkingobject_animation_ai_16may26_pc_expansion_exp_format_agency_pc_ext_shivam_sachinxedit_sharemarket_hook3,top - 342 - horxother,top - 342 - horxother | (untagged),false,paused,NOT_FATIGUE,₹0.8L
horxother_track342_seekho_talkingwalletxincomebadhixreworked_anjum_veo3_face_ai_13may26_livegen_new_newscript_performance_aniket_hook3_ext,top - 342 - horxother,top - 342 - horxother | (untagged),false,paused,HEALTHY,₹0.5L
horxother_track342_seekho_komalxplateeyeballing_aixkomal_microdrama_animation_ai_27may26_mythmedia_expansion_exp_hook_inhousexcopilot_performance_ashish_hook1_ext,top - 342 - horxother,top - 342 - horxother | (untagged),false,paused,TOO_YOUNG,₹0.4L
horxother_track342_seekho_mummyhospitalxilleterate_aixbaldsavita_microdrama_face_ai_14may26_pc_expansion_exp_creator_agency_pc_ext_anshumali_ujjawalxedit_career_hook2,top - 342 - horxother,top - 342 - horxother | (untagged),false,paused,HEALTHY,₹0.4L
horxother_track342_seekho_painterbhaiya_palak_microdrama_face_ai_11may26_livegen_new_newscript_performance_aniket_hook2_ext,top - 342 - horxother,top - 342 - horxother | (untagged),false,paused,NOT_FATIGUE,₹0.4L
horxother_track342_seekho_erickshawxpti_aixicecream_talkingobject_animation_ai_6may26_pc_expansion_exp_format_agency_pc_ext_shivam_pawan xedit_pti_hook2,top - 342 - horxother,top - 342 - horxother | (untagged),false,live,HEALTHY,₹0.3L
horxother_track342_seekho_gharkinaari_raksha_testimonialxchores_face_human_12may26_pc_expansion_exp_format_agency_pc_ext_shivam_raghavxedit_sharemarket_hook2,top - 342 - horxother,top - 342 - horxother | (untagged),false,paused,NOT_FATIGUE,₹0.3L
horxother_track342_seekho_050patixvidesh_aixbhootni_microdrama_face_ai_8may26_pc_expansion_exp_creator_agency_pc_ext_anshumali_ujjawalxedit_career_hook1,top - 342 - horxother,top - 342 - horxother | (untagged),false,paused,HEALTHY,₹0.2L
horxother_track342_seekho_erickshawxpti_aixerickshaw_aiedit_animation_ai_14may26_pc_expansion_exp_format_agency_pc_ext_shivam_bhaveshxedit_pti_hook1,top - 342 - horxother,top - 342 - horxother | (untagged),false,live,HEALTHY,₹0.2L
horxother_track342_seekho_skincarexdiy_aixbanana_talkingobject_animation_ai_8may26_pc_expansion_exp_format_agency_pc_ext_shivam_pawanxedit_diy_hook1,top - 342 - horxother,top - 342 - horxother | (untagged),false,live,WATCH,₹0.2L
horxother_track342_seekho_divorcexcareerxhooks2_siddhi2_testimonialxchores_face_human_2may26_pc_expansion_exp_creator_agency_pc_ext_anshumali_nikhilxedit_career_hook1,top - 342 - horxother,top - 342 - horxother | (untagged),false,paused,FATIGUED,₹0.2L
horxother_track342_seekho_astroxkbccapsule_anjum_microdrama_face_ai_05may26_livegen_new_newscript_performance_aniket_hook1_ext,top - 342 - horxother,top - 342 - horxother | (untagged),false,paused,HEALTHY,₹0.1L
horxother_cookxcloudkitchen_aixirfan_bobalmostxcartoonedit_7apr_faceless_expansion_sachinxedit_m1 _expansion_shivam_aniket_hook3_track342,top - 342 - horxother,top - 342 - horxother | (untagged),false,paused,TOO_YOUNG,₹0.0L
instautilisetime70_aestheticontentxinsta_aixladki_aiedit_20mar_creator_newtopic_bhaveshxedit_m5.3 _expansion_shivam_yug_hook1,top - 35 - instagram,top - 35 - instagram | (untagged),false,paused,HEALTHY,₹0.1L
instautilisetime70_algorithm_nikhil_ipadpovxcreatorcutout_14mar_creator_expansion_m8.1 _expansion_shivam_yug,top - 35 - instagram(aa),top - 35 - instagram(aa) | (untagged),false,live,FATIGUED,₹7.9L
instagram_knowledge_gap_reducedreach_technicalfix_male_livegen_humanai_gtmig_22may26_track35,top - 35 - instagram(aa),top - 35 - instagram(aa) | (untagged),true,live,HEALTHY,₹4.0L
instagram_track35_seekho_onlinexshopxinsta_aixrohit_cartoonedit77_animation_ai_19may26_pc_expansion_exp_format_agency_pc_ext_shivam_ritaxedit_insta_hook2,top - 35 - instagram(aa),top - 35 - instagram(aa) | (untagged),false,live,HEALTHY,₹2.7L
instautilisetime70_viewsstuckxvisual_aixanda_visualhookheavy_1apr_faceless_expansion_bhaveshxedit_m12 _expansion_shivam_pc_hook1,top - 35 - instagram(aa),top - 35 - instagram(aa) | (untagged),false,live,FATIGUED,₹2.5L
instagram_userpersona_fame_female_draco_talkingobject_rasgulla_track35_ogcreativeig_04june26,top - 35 - instagram(aa),top - 35 - instagram(aa) | (untagged),false,live,TOO_YOUNG,₹2.1L
instautilisetime70_viewsstuckxvisual_nikhil_laptoppov_10feb_faceless_expansion_m1_inhouse_hook2_rework_26may_track285,top - 35 - instagram(aa),top - 35 - instagram(aa) | (untagged),false,live,NOT_FATIGUE,₹1.8L
instagram_track35_seekho_newhooksxearnmoney_suraj_wb_face_human_25may26_pc_expansion_exp_format_agency_pc_ext_shivam_nikhilxedit_insta_hook1,top - 35 - instagram(aa),top - 35 - instagram(aa) | (untagged),false,live,HEALTHY,₹1.8L
instagram_track35_seekho_algorithm_nikhil_ipadpov_faceless_human_17apr26_pc_new_exp_format_agency_pc_ext_shivam_nikhilxedit_insta_hook2,top - 35 - instagram(aa),top - 35 - instagram(aa) | (untagged),false,live,FATIGUED,₹1.6L
instagram_emotioncentric_housewifegrowth__humanai_track35_bosswallah_ogcreativeig_05june26,top - 35 - instagram(aa),top - 35 - instagram(aa) | (untagged),false,live,TOO_YOUNG,₹1.1L
insta_instagramseting_fundaclone_17apr_track35,top - 35 - instagram(aa),top - 35 - instagram(aa) | (untagged),false,live,WATCH,₹1.0L
instagram_visualkey_fame_gulabjamun_900waale_male_bosswallah_talkingfood__gtmig_rework_25may26_track35,top - 35 - instagram(aa),top - 35 - instagram(aa) | (untagged),true,live,HEALTHY,₹1.0L
instagram_technicalknowledge_editing_tredingaudio_virality_female_humanai_bosswallah_seekho_gtmig_30may26_track35,top - 35 - instagram(aa),top - 35 - instagram(aa) | (untagged),true,live,HEALTHY,₹0.9L
insta_seekho_viralsecretxinsta_aixphataposterxdeewarphod_visualhook_animation_ai_8apr26_pc_new_new_script_agency_pc_ext_shivam_bhaveshxedit_insta_hook1_track35,top - 35 - instagram(aa),top - 35 - instagram(aa) | (untagged),false,live,FATIGUED,₹0.7L
instautilisetime70_instaxworldxstory_bhavesh_talkingobject_12mar_creator_newtopic_m5.3 _expansion_shivam_pc_hook1,top - 35 - instagram(aa),top - 35 - instagram(aa) | (untagged),false,live,NOT_FATIGUE,₹0.6L
instagram_track35_seekho_monsterxalgo_nikhil_wbpov_splitscreen_ai_5may26_pc_expansion_exp_formatxscript_agency_pc_ext_shivam_nikhilxedit_insta_hook3,top - 35 - instagram(aa),top - 35 - instagram(aa) | (untagged),false,live,FATIGUED,₹0.5L
instautilisetime70_parlourxcompetitionxinsta_shriyanshi_testimonial_14mar_creator_newtopic_m5.3 _expansion_shivam_pc_hook1,top - 35 - instagram(aa),top - 35 - instagram(aa) | (untagged),false,live,FATIGUED,₹0.5L
insta_viewsxstrategyxlowchurn_nikhil_pov_23dec_faceless_expansion_m1,top - 35 - instagram(aa),top - 35 - instagram(aa) | (untagged),false,live,FATIGUED,₹0.2L
instautilisetime70_5mistakes_nikhil_printeda4_asmr_keshav_adlive_26jan,top - 35 - instagram(aa),top - 35 - instagram(aa) | (untagged),false,live,HEALTHY,₹0.2L
insta_instaviralxvaibhavxlowchurnxlowexit_manish_tv_3jan_creator_expansion_m1,top - 35 - instagram(aa),top - 35 - instagram(aa) | (untagged),false,live,HEALTHY,₹0.1L
insta_zudoclone_trendsfollowkarnesenaabadhefollowers_lg_veo3_22jan,top - 35 - instagram(aa),top - 35 - instagram(aa) | (untagged),false,live,HEALTHY,₹0.1L
insta_viewsxstrategyxlowchurn_bhavesh_printeda4xminiature_9jan_faceless_expansion_m2_hook3,top - 35 - instagram(aa),top - 35 - instagram(aa) | (untagged),false,live,BELOW_SPEND_FLOOR,₹0.1L
insta_growfollowersxnikhilxoverallpitchxlowcac_nikhil_printeda4_29jan_faceless_expansion_m8.2_lowcac,top - 35 - instagram(aa),top - 35 - instagram(aa) | (untagged),false,paused,BELOW_SPEND_FLOOR,₹0.0L
instagram_userpersona_fame_female_draco_talkingobject_momoparty_gtmig_18may26,top - 35 - instagram(aa),top - 35 - instagram(aa) | maa-beti,true,live,HEALTHY,₹1.2L
instagram_visualkey_fame_palak_fame_female_livegen_talkingobject__gtmig_25may26,top - 35 - instagram(aa),top - 35 - instagram(aa) | maa-beti,true,live,HEALTHY,₹1.0L
instagram_userpersona_fame_halku__male_likesnahisaves_draco_halku_gtmig_16may26,top - 35 - instagram(aa),top - 35 - instagram(aa) | maa-beti,true,live,HEALTHY,₹0.5L
smallbizideas_beautyparlorxmicrodrama_rishabh_mjoedit_3jan_faceless_expansion_track40_m3_hook3,top - 36 - business,top - 36 - business | (untagged),false,paused,HEALTHY,₹0.3L
astrosamadhaan_seekho_noastrobeliefxkarzxmicrodrama_aixfooditems_talkingobject_animation_ai_8apr26_pc_new_new_script_agency_pc_ext_shivam_bhaveshxedit_astrology_hook3_track55,top - 55 - astro samadhaan,top - 55 - astro samadhaan | (untagged),false,live,NOT_FATIGUE,₹10.3L
astrosamadhaan_shanixadalat_aixshani_talkingobject_26feb_creator_newtopic_ujjawalxedit_m5.1 _newtopic_shivam_pc_hook3,top - 55 - astro samadhaan,top - 55 - astro samadhaan | (untagged),false,paused,WATCH,₹3.1L
astrosamadhaan_behenkishaadixaukatxastro_aixsonu_cartoonedit33_23feb_creator_expansion_bhaveshxedit_m5.1 _horizontal expansion_shivam_hook2,top - 55 - astro samadhaan,top - 55 - astro samadhaan | (untagged),false,live,FATIGUED,₹1.5L
astrosamadhaan_track55_seekho_rahuinadalat_aixrahu_aiedit_face_ai_9may26_pc_new_new_script_agency_pc_ext_mandle_ujjawalxedit_astrology_hook3,top - 55 - astro samadhaan,top - 55 - astro samadhaan | (untagged),false,live,WATCH,₹1.2L
astrosamadhaan_babulaalkakaamfirsechala_aixbabulaal_cartoonedit91_18feb_creator_expansion_pawanxedit_m4 _expansion_hook3,top - 55 - astro samadhaan,top - 55 - astro samadhaan | (untagged),false,live,HEALTHY,₹0.6L
astrosamadhaan_karz2xautoxmicrodrama_aixrajatxautowala_cartoon3edit_31dec_faceless_expansion_ujjawalxedit_m1_adsetname_rework_hook2,top - 55 - astro samadhaan,top - 55 - astro samadhaan | (untagged),false,live,WATCH,₹0.6L
astrosamadhaan_paisanahitiktaxmicrodrama_bhavesh_cartoon2edit_31dec_faceless_expansion_m1_hook2,top - 55 - astro samadhaan,top - 55 - astro samadhaan | (untagged),false,live,FATIGUED,₹0.5L
astrosamadhaan_jaswinderkimehnatx1lakhudhaarxreworked_cartoonedit_lg_28feb,top - 55 - astro samadhaan,top - 55 - astro samadhaan | (untagged),false,live,NOT_FATIGUE,₹0.5L
astrosamadhaan_karzstoryxvaibhavxnewhook2_aixdhabawalababa_microdrama_14mar_creator_expansion_nikhilxedit_m2 _expansion_vishal_aniket_hook3,top - 55 - astro samadhaan,top - 55 - astro samadhaan | (untagged),false,live,FATIGUED,₹0.2L
astrosamadhaan_track55_32saalhanumaanchalisa163_arun_microdrama_face_ai_30may26_livegen_new_newscript_performance_aniket_ext,top - 55 - astro samadhaan,top - 55 - astro samadhaan | (untagged),false,live,TOO_YOUNG,₹0.2L
astrosamadhaan_track55_seekho_jyotishsamazh_aixastrologer_cartoonedit_animation_ai_1jun26_pc_new_new_script_agency_pc_ext_mandle_ritaxedit_astrology_hook3,top - 55 - astro samadhaan,top - 55 - astro samadhaan | (untagged),false,live,HEALTHY,₹0.1L
astrosamadhaan_track55_seekho_3saalkakarz_aixveryfatman_cartoonedit73_animation_ai_2jun26_pc_new_new_script_agency_pc_ext_mandle_sachinxedit_astrology_hook1,top - 55 - astro samadhaan,top - 55 - astro samadhaan | (untagged),false,live,TOO_YOUNG,₹0.1L
astrosamadhaan_ameer_aixbhaangwala_bheedinterview_4oct_creator_expansion_hook1,top - 55 - astro samadhaan,top - 55 - astro samadhaan | (untagged),false,paused,NOT_FATIGUE,₹0.1L
astrosamadhaan_gopalxtentxhousexnewhook2_bhavesh_microdrama_13dec_faceless_expansion_microdramaxtweak_hook2,top - 55 - astro samadhaan,top - 55 - astro samadhaan | (untagged),false,live,BELOW_SPEND_FLOOR,₹0.1L
astrosamadhaan_grahonkikarishma_aixsanjeev_cartoon2edit_20jan_faceless_newtopic_ujjawalxedit_m5.3s1_hook2,top - 55 - astro samadhaan,top - 55 - astro samadhaan | (untagged),false,live,BELOW_SPEND_FLOOR,₹0.0L
rashi_karzkabojh_aixkachrawala_bheedinterview_8sep_creator_expansion_hook1,top - 55 - astro samadhaan,top - 55 - astro samadhaan | (untagged),false,live,BELOW_SPEND_FLOOR,₹0.0L
astrosamadhaan_karzxdiwali_aixjhulaowner_bheedinterview_17oct_creator_expansion_rishabhxedit_hook2,top - 55 - astro samadhaan,top - 55 - astro samadhaan | (untagged),false,paused,BELOW_SPEND_FLOOR,₹0.0L
astrosamadhaan_hyp1raghuxgrahokidashaxexpertastro_microdrama_lg_26feb,top - 55 - astro samadhaan,top - 55 - astro samadhaan | (untagged),false,live,BELOW_SPEND_FLOOR,₹0.0L
astrosamadhaan_raghukigaltisemistakexmohit_cartoonedit_ih_lg_28jan,top - 55 - astro samadhaan,top - 55 - astro samadhaan | (untagged),false,live,BELOW_SPEND_FLOOR,₹0.0L
astrosamadhaan_noastrobeliefxastroclonexmicrodrama_halfasmr_adlive_shreyansh_16dec,top - 55 - astro samadhaan,top - 55 - astro samadhaan | (untagged),false,live,BELOW_SPEND_FLOOR,₹0.0L
yt_ytxtips&tricks_manish_tv_29sep_creator_expansion_google,top - 7 - youtube,top - 7 - youtube | (untagged),false,live,WATCH,₹9.0L
yt_ad1_indianhackerxparkourasmr_24may_creator_expansion,top - 7 - youtube,top - 7 - youtube | (untagged),false,live,HEALTHY,₹1.3L
yt_newhooksx1videomonetise_nikhil_screenrecording_1oct_faceless_expansion_google,top - 7 - youtube,top - 7 - youtube | (untagged),false,live,NOT_FATIGUE,₹0.2L
yt_fakehacks_bhavesh_uglyedit_24july_faceless_newtopic2_hook3,top - 7 - youtube,top - 7 - youtube | (untagged),false,live,HEALTHY,₹0.1L
yt_monetise_vishalxparkourasmr_20may_creator_expansion_exp,top - 7 - youtube,top - 7 - youtube | (untagged),false,live,BELOW_SPEND_FLOOR,₹0.0L
yt_cinematicvlog_nikhil_uglyedit_28sep_faceless_expansion_google,top - 7 - youtube,top - 7 - youtube | (untagged),false,live,TOO_YOUNG,₹0.0L
sarkariloan_mudraloan_acp_10feb_hook2,top - 70 - sarkari loan,top - 70 - sarkari loan | (untagged),false,live,FATIGUED,₹1.7L
sarkariloan_aadharpeloan2xvaibhav_suresh_newsinterview_29jan_creator_expansion_m11_hook1,top - 70 - sarkari loan,top - 70 - sarkari loan | (untagged),false,live,FATIGUED,₹1.0L
sarkariloan_aadharloanxfees_ujjawal_microdrama_14dec_creator_newtopic_m5.3_hook2,top - 70 - sarkari loan,top - 70 - sarkari loan | (untagged),false,paused,HEALTHY,₹0.3L
sarkariloan_aadharpeloan2xvaibhav_rishabh_miniaturehuman_lg_veo3_19dec,top - 70 - sarkari loan,top - 70 - sarkari loan | (untagged),false,live,WATCH,₹0.2L
sarkariloan_emergencyxloan_minion3_ai_shreyansh_adlive_20dec,top - 70 - sarkari loan,top - 70 - sarkari loan | (untagged),false,live,HEALTHY,₹0.1L
sarkariloan_zerobalancexloan_aixmaleminister_rallytalk_ai_karan_adlive_15jan,top - 70 - sarkari loan,top - 70 - sarkari loan | (untagged),false,live,FATIGUED,₹0.1L
sarkariloan_hospitalxaadharloan_aixmaithilithakurx32_rallytalk_2jan_creator_expansion_sumanxedit_m1_hook3,top - 70 - sarkari loan,top - 70 - sarkari loan | (untagged),false,live,BELOW_SPEND_FLOOR,₹0.1L
astrosamadhaan_kundalikagazxadalat_ujjawal_aiedit_12mar_creator_newtopic_m5.3 _expansion_shivam_pc_hook2,top - 70 - sarkari loan,top - 70 - sarkari loan | (untagged),false,live,BELOW_SPEND_FLOOR,₹0.0L
sarkariloan_aadharpeloan2xvaibhav_sundram_newsinterview_26feb_creator_expansion_m11_expansion_anshumali_priyansh_hook1,top - 70 - sarkari loan,top - 70 - sarkari loan | (untagged),false,live,BELOW_SPEND_FLOOR,₹0.0L
astrosamadhaan_mangalxadalat_aixmangal_talkingobject_11mar_creator_expansion_ujjawalxedit_m1 _expansion_shivam_aniket_hook2,top - 70 - sarkari loan,top - 70 - sarkari loan | (untagged),false,paused,TOO_YOUNG,₹0.0L
astrosamadhaan_karzxkachra_aixraju_aiedit_18mar_creator_expansion_rishabhxedit_m3 _expansion_shivam_aniket_hook1,top - 70 - sarkari loan,top - 70 - sarkari loan | (untagged),false,live,TOO_YOUNG,₹0.0L
sarkariloan_aadharpeloanbank_asmr_bishal_adlive_9dec,top - 70 - sarkari loan,top - 70 - sarkari loan | (untagged),false,paused,TOO_YOUNG,₹0.0L
sarkariloan_sarkariloanxvisual_aixveo3_visualhookheavy_23jan_faceless_newtopic_pawanxedit_m10_hook1,top - 70 - sarkari loan,top - 70 - sarkari loan | (untagged),false,live,TOO_YOUNG,₹0.0L
sarkariloan_aadharpeloan2xvaibhav_muskan_panchayat2_26jan_creator_expansion_m11_hook2,top - 70 - sarkari loan,top - 70 - sarkari loan | (untagged),false,live,TOO_YOUNG,₹0.0L
sarkariloan_machinexsarkariloan_aixmachinewala_machinexminiaturehuman_10feb_faceless_expansion_bhaveshxedit_m3_hook2,top - 70 - sarkari loan,top - 70 - sarkari loan | (untagged),false,live,TOO_YOUNG,₹0.0L
utilisetime_gareebx2_suraj_wb_7mar_creator_expansion_m1 _expansion_anshumali_aniket_hook1_track14,top 5 categories ad p1 retention,top 5 categories ad p1 retention | (untagged),false,paused,WATCH,₹0.1L
finance_timewastexfinance_mix1nov2_asmr2_keshav_adlive_25nov_track12,top 5 categories pvs,top 5 categories pvs | (untagged),false,live,FATIGUED,₹0.2L
astrosamadhaan_noastrobeliefxkarzxmicrodrama_aixraju_bright2xcartoonedit_26feb_creator_expansion_bhaveshxedit_m3 _expansion_shivam_aniket_hook3_track55,top 5 categories pvs,top 5 categories pvs | (untagged),false,live,TOO_YOUNG,₹0.0L
utilise_protalker_mix19sep7_asmr_21sep_faceless_newtopic_fe_track14,utilise time,utilise time | (untagged),false,live,NOT_FATIGUE,₹0.9L
utilisetime_track14,utilise time,utilise time | (untagged),false,live,FATIGUED,₹0.7L
utilise_ameersecretapp_om_tv_23aug_creator_expansion_hook3,utilise,utilise | (untagged),false,live,WATCH,₹0.2L
utilisetime catalogue ads,utilisetime  catalogue adset,utilisetime  catalogue adset | (untagged),false,live,HEALTHY,₹1.0L
utilisetime_track14_seekho_gharkinaarixuti_aixfatlady_microdrama_face_ai_28may26_pc_new_new_script_agency_pc_ext_anshumali_utkarshxedit_utilise_hook1_rework_5june,utilisetime,utilisetime | (untagged),false,live,TOO_YOUNG,₹0.2L
utilisetime_track14_seekho_deliveryboyxpti_aixsonu_cartoonedit77_animation_ai_5jun26_pc_expansion_exp_format_agency_pc_ext_shivam_ritaxedit_pti_hook1,utilisetime,utilisetime | (untagged),false,live,TOO_YOUNG,₹0.2L
utilisetime_track14_seekho_safaiwalixtimewaste_aixsavita_streetinterview_face_ai_5jun26_pc_new_new_script_agency_pc_ext_anshumali_nehaxedit_utilise_hook2,utilisetime,utilisetime | (untagged),false,live,TOO_YOUNG,₹0.2L
utilisetime_track14_seekho_gharkinaarixpti_hetal_choresxmicrodrama_animation_ai_4jun26_pc_expansion_exp_format_agency_pc_ext_shivam_bhaveshxedit_pti_hook2,utilisetime,utilisetime | (untagged),false,paused,TOO_YOUNG,₹0.2L
utilisetime_track14_seekho_gharkinaari_akanksha_testimonialxchores_face_human_4jun26_pc_expansion_exp_format_agency_pc_ext_anshumali_nikhilxedit_utilise_hook1,utilisetime,utilisetime | (untagged),false,paused,TOO_YOUNG,₹0.2L
utilisetime_track14_seekho_gharkinaari_khushboo_testimonialxchores_face_human_4jun26_pc_expansion_exp_format_agency_pc_ext_anshumali_nikhilxedit_utilise_hook2,utilisetime,utilisetime | (untagged),false,paused,TOO_YOUNG,₹0.1L
utilisetime_track14_seekho_harcheezpaisaxcrafto_sethi_testimonialxchores_face_human_4jun26_pc_expansion_exp_format_agency_pc_ext_anshumali_raghavxedit_utilise,utilisetime,utilisetime | (untagged),false,paused,TOO_YOUNG,₹0.1L
utilisetime_track14_seekho_nashakaaroxbindra_aixpehelwan_akhaadatalkxscreen_face_ai_5jun26_pc_expansion_exp_format_agency_pc_ext_anshumali_utkarshxedit_utilise_hook1,utilisetime,utilisetime | (untagged),false,live,TOO_YOUNG,₹0.1L
utilisetime_track14_seekho_gharkinaari_aixhousewife_testimonialxchores_face_ai_3jun26_pc_expansion_exp_format_agency_pc_ext_anshumali_utkarshxedit_utilise_hook2,utilisetime,utilisetime | (untagged),false,paused,TOO_YOUNG,₹0.1L
utilisetime_track14_seekho_constructionworkerxearthquake_aixsanjeev_cartoonedit94_animation_ai_6jun26_pc_expansion_exp_format_agency_pc_ext_shivam_ritaxedit_sharemarket_hook3,utilisetime,utilisetime | (untagged),false,live,TOO_YOUNG,₹0.1L
utilisetime_track14_seekho_guardkireelingxcoachxvb_aixcoachxguard_aiedit_face_ai_6jun26_pc_new_new_script_agency_pc_ext_anshumali_utkarshxedit_utilise_hook2,utilisetime,utilisetime | (untagged),false,live,TOO_YOUNG,₹0.1L
utilisetime_track14_seekho_harcheezxpaisaxcrafto_aixnote_talkingobject_face_ai_8jun26_pc_expansion_exp_creator_agency_pc_ext_anshumali_utkarshxedit_utilise,utilisetime,utilisetime | (untagged),false,live,TOO_YOUNG,₹0.1L
utilisetime_track14_seekho_izzatnapai_mix1x1june_asmr_faceless_ai_4jun26_pc_expansion_exp_format_agency_pc_ext_anshumali_bhaveshxedit_utilise_hook1,utilisetime,utilisetime | (untagged),false,paused,TOO_YOUNG,₹0.1L
utilisetime_track14_seekho_erickshawxpti_aixramesh_breadwinnerxcartoonedit_animation_ai_5jun26_pc_expansion_exp_format_agency_pc_ext_shivam_ritaxedit_pti_hook2,utilisetime,utilisetime | (untagged),false,live,TOO_YOUNG,₹0.1L
utilisetime_track14_seekho_booklovers_niharika_testimonialxchores_face_human_2jun26_pc_expansion_exp_creator_agency_pc_ext_anshumali_bhaveshxedit_utilise_hook2,utilisetime,utilisetime | (untagged),false,paused,TOO_YOUNG,₹0.1L
utilisetime_track14_seekho_erickshawxshare_aixramesh_newcartoonedit_animation_ai_4jun26_pc_expansion_exp_format_agency_pc_ext_shivam_pawanxedit_sharemarket_hook2,utilisetime,utilisetime | (untagged),false,live,TOO_YOUNG,₹0.1L
utilisetime_track14_seekho_harcheezpaisaxcrafto_aixbaba_conferencetalkxscreen_face_ai_5jun26_pc_expansion_exp_format_agency_pc_ext_anshumali_utkarshxedit_utilise,utilisetime,utilisetime | (untagged),false,live,TOO_YOUNG,₹0.1L
utilisetime_track14_seekho_gandivideoskenuksaan_aixcucumber_talkingobject_animation_ai_4jun26_pc_expansion_exp_format_agency_pc_ext_anshumali_pawanxedit_utilise_hook2,utilisetime,utilisetime | (untagged),false,live,TOO_YOUNG,₹0.1L
utilisetime_track14_seekho_gharkinaari_hetal_testimonialxchores_animation_ai_4jun26_pc_expansion_exp_format_agency_pc_ext_shivam_bhaveshxedit_sharemarket_hook3,utilisetime,utilisetime | (untagged),false,paused,TOO_YOUNG,₹0.1L
utilisetime_track14_seekho_realinterviewx1000rs_raghav_realinterview_face_human_5jun26_pc_new_new_script_agency_pc_ext_anshumali_raghavxedit_utilise_hook2,utilisetime,utilisetime | (untagged),false,live,TOO_YOUNG,₹0.1L
utilisetime_track14_seekho_nashakaaroxbindra_mix3x1june_asmr_stockfootage_human_4jun26_pc_expansion_exp_format_agency_pc_ext_anshumali_utkarshxedit_utilise_hook3,utilisetime,utilisetime | (untagged),false,paused,TOO_YOUNG,₹0.1L
utilisetime_track14_seekho_salarynahibachtixemergencyfund_sumit_veo3_face_ai_08june26_livegen_new_expansion_performance_aniket_ext,utilisetime,utilisetime | (untagged),false,live,TOO_YOUNG,₹0.1L
utilisetime_track14_seekho_booklovers_aixaaloo_talkingobject_face_human_5jun26_pc_expansion_exp_format_agency_pc_ext_anshumali_sachinxedit_utilise_hook3,utilisetime,utilisetime | (untagged),false,live,TOO_YOUNG,₹0.1L
utilisetime_track14_seekho_nashakaaroxbindra_mahendra_panchayat_face_human_5jun26_pc_expansion_exp_format_agency_pc_ext_anshumali_raghavxedit_utilise_hook3_hook3,utilisetime,utilisetime | (untagged),false,live,TOO_YOUNG,₹0.1L
utilisetime_track14_seekho_cookxcloudkitchen_aixicecream_talkingobject_animation_ai_5jun26_pc_expansion_exp_format_agency_pc_ext_shivam_ritaxedit_pti_hook1,utilisetime,utilisetime | (untagged),false,live,TOO_YOUNG,₹0.1L
utilisetime_track14_seekho_nashakaaroxbindra_mix3x1june_asmr_stockfootage_human_4jun26_pc_expansion_exp_format_agency_pc_ext_anshumali_utkarshxedit_utilise_hook2,utilisetime,utilisetime | (untagged),false,paused,TOO_YOUNG,₹0.0L
utilisetime_track14_seekho_harcheezxpaisaxcrafto_aixbigheadsadhu_bobblehead_face_ai_8jun26_pc_expansion_exp_creator_agency_pc_ext_anshumali_ujjawalxedit_utilise,utilisetime,utilisetime | (untagged),false,live,TOO_YOUNG,₹0.0L
utilisetime_track14_seekho_nashakaaroxbindra_nikhil_ipadpov_faceless_human_1jun26_pc_expansion_exp_format_agency_pc_ext_anshumali_nikhilxedit_utilise_hook1_rework_8june,utilisetime,utilisetime | (untagged),false,live,TOO_YOUNG,₹0.0L
utilisetime_track14_seekho_booklovers_vinal_closeupxvlog_face_human_3jun26_pc_expansion_exp_format_agency_pc_ext_anshumali_bhaveshxedit_utilise_hook1,utilisetime,utilisetime | (untagged),false,paused,TOO_YOUNG,₹0.0L
utilisetime_track14_seekho_izzatnapai_mix1x1june_asmr_faceless_ai_4jun26_pc_expansion_exp_format_agency_pc_ext_anshumali_bhaveshxedit_utilise_hook2,utilisetime,utilisetime | (untagged),false,paused,TOO_YOUNG,₹0.0L
utilisetime_track14_seekho_nashakaaroxbindra_mahendra_panchayat_face_human_5jun26_pc_expansion_exp_format_agency_pc_ext_anshumali_raghavxedit_utilise_hook3_hook1,utilisetime,utilisetime | (untagged),false,live,TOO_YOUNG,₹0.0L
utilisetime_track14_seekho_realinterviewx1000rs_raghav_realinterview_face_human_5jun26_pc_new_new_script_agency_pc_ext_anshumali_raghavxedit_utilise_hook3,utilisetime,utilisetime | (untagged),false,live,TOO_YOUNG,₹0.0L
utilisetime_track14_seekho_harcheezpaisaxcrafto_aixgobhi_talkingobject_face_human_5jun26_pc_expansion_exp_format_agency_pc_ext_anshumali_pawanxedit_utilise,utilisetime,utilisetime | (untagged),false,live,TOO_YOUNG,₹0.0L
utilisetime_track14_seekho_booklovers_mix2x1june_asmr_stockfootage_human_4jun26_pc_expansion_exp_format_agency_pc_ext_anshumali_utkarshxedit_utilise_hook3,utilisetime,utilisetime | (untagged),false,paused,TOO_YOUNG,₹0.0L
utilisetime_track14_seekho_ladkiximpress_prachi_wb_face_human_5jun26_pc_new_new_script_agency_pc_ext_anshumali_bhaveshxedit_utilise_hook2,utilisetime,utilisetime | (untagged),false,live,TOO_YOUNG,₹0.0L
utilisetime_track14_seekho_directionlessxvb_aixcoachxladka_videocall_face_ai_6jun26_pc_new_new_script_agency_pc_ext_anshumali_bhaveshxedit_utilise_hook2,utilisetime,utilisetime | (untagged),false,live,TOO_YOUNG,₹0.0L
utilisetime_track14_seekho_izzatnapai_mix1x1june_asmr_faceless_ai_4jun26_pc_expansion_exp_format_agency_pc_ext_anshumali_bhaveshxedit_utilise_hook3,utilisetime,utilisetime | (untagged),false,paused,TOO_YOUNG,₹0.0L
utilisetime_track14_seekho_booklovers_mix2x1june_asmr_stockfootage_human_4jun26_pc_expansion_exp_format_agency_pc_ext_anshumali_utkarshxedit_utilise_hook1,utilisetime,utilisetime | (untagged),false,paused,TOO_YOUNG,₹0.0L
utilisetime_track14_seekho_nasamajladke_raksha_testimonialxchores_face_human_4jun26_pc_expansion_exp_format_agency_pc_ext_anshumali_raghavxedit_utilise_hook1,utilisetime,utilisetime | (untagged),false,paused,TOO_YOUNG,₹0.0L
utilisetime_track14_seekho_gareebx2_moses_testimonialxchores_face_human_4jun26_pc_expansion_exp_format_agency_pc_ext_anshumali_raghavxedit_utilise_hook2,utilisetime,utilisetime | (untagged),false,paused,TOO_YOUNG,₹0.0L
utilisetime_track14_seekho_reelingxaicoachxvb_aixcoach_talkingobject_face_ai_6jun26_pc_new_new_script_agency_pc_ext_anshumali_sachinxedit_utilise_hook1,utilisetime,utilisetime | (untagged),false,live,TOO_YOUNG,₹0.0L
utilisetime_track14_seekho_rentxptixvb_aixfriends_restaurantxcartoonedit_face_ai_6jun26_pc_new_new_script_agency_pc_ext_anshumali_sachinxedit_utilise_hook3,utilisetime,utilisetime | (untagged),false,live,TOO_YOUNG,₹0.0L
utilisetime_track14_seekho_gandivideoskenuksaan_aixcucumber_talkingobject_animation_ai_4jun26_pc_expansion_exp_format_agency_pc_ext_anshumali_pawanxedit_utilise_hook3,utilisetime,utilisetime | (untagged),false,live,TOO_YOUNG,₹0.0L
utilisetime_track14_seekho_lunchtime2xvb_nikhilxashish_skit_face_human_6jun26_pc_new_new_script_agency_pc_ext_anshumali_nikhilxedit_utilise_hook2,utilisetime,utilisetime | (untagged),false,live,TOO_YOUNG,₹0.0L
utilisetime_track14_seekho_ameersecretapp_yogesh_phoneface_face_human_4jun26_pc_expansion_exp_format_agency_pc_ext_anshumali_raghavxedit_utilise_hook3,utilisetime,utilisetime | (untagged),false,paused,TOO_YOUNG,₹0.0L
utilisetime_track14_seekho_erickshawxshare_aixramesh_newcartoonedit_animation_ai_4jun26_pc_expansion_exp_format_agency_pc_ext_shivam_pawanxedit_sharemarket_hook3,utilisetime,utilisetime | (untagged),false,live,TOO_YOUNG,₹0.0L
utilisetime_track14_seekho_kaisekareycontentgrowth_sumit_cartoonedit_face_ai_08june26_livegen_new_expansion_performance_aniket_hook3_ext,utilisetime,utilisetime | (untagged),false,live,TOO_YOUNG,₹0.0L
utilisetime_track14_seekho_onlinekamaixadalatxvb_aixlawyer_adalat_face_ai_6jun26_pc_new_new_script_agency_pc_ext_anshumali_bhaveshxedit_utilise_hook3,utilisetime,utilisetime | (untagged),false,live,TOO_YOUNG,₹0.0L
utilisetime_track14_seekho_ameersecretapp_yogesh_phoneface_face_human_4jun26_pc_expansion_exp_format_agency_pc_ext_anshumali_raghavxedit_utilise_hook1,utilisetime,utilisetime | (untagged),false,paused,TOO_YOUNG,₹0.0L
utilisetime_track14_seekho_nasamajladke_raksha_testimonialxchores_face_human_4jun26_pc_expansion_exp_format_agency_pc_ext_anshumali_raghavxedit_utilise_hook2,utilisetime,utilisetime | (untagged),false,paused,TOO_YOUNG,₹0.0L
utilisetime_track14_seekho_ameersecretapp_mahendra_testimonialxchores_face_human_27may26_pc_expansion_exp_format_agency_pc_ext_anshumali_raghavxedit_utilise_hook3,utilisetime,utilisetime | (untagged),false,live,TOO_YOUNG,₹0.0L
utilisetime_track14_seekho_erickshawxshare_aixramesh_newcartoonedit_animation_ai_4jun26_pc_expansion_exp_format_agency_pc_ext_shivam_pawanxedit_sharemarket_hook1,utilisetime,utilisetime | (untagged),false,paused,TOO_YOUNG,₹0.0L
utilisetime_track14_seekho_nasamajladke_raksha_testimonialxchores_face_human_4jun26_pc_expansion_exp_format_agency_pc_ext_anshumali_raghavxedit_utilise_hook3,utilisetime,utilisetime | (untagged),false,paused,TOO_YOUNG,₹0.0L
utilisetime_track14_seekho_gareebx2_moses_testimonialxchores_face_human_4jun26_pc_expansion_exp_format_agency_pc_ext_anshumali_raghavxedit_utilise_hook3,utilisetime,utilisetime | (untagged),false,paused,TOO_YOUNG,₹0.0L
utilisetime_track14_seekho_lunchtime2xvb_nikhilxashish_skit_face_human_6jun26_pc_new_new_script_agency_pc_ext_anshumali_nikhilxedit_utilise_hook3,utilisetime,utilisetime | (untagged),false,live,TOO_YOUNG,₹0.0L
utilisetime_track14_seekho_onlinekamaixadalatxvb_aixlawyer_adalat_face_ai_6jun26_pc_new_new_script_agency_pc_ext_anshumali_bhaveshxedit_utilise_hook1,utilisetime,utilisetime | (untagged),false,live,TOO_YOUNG,₹0.0L
utilisetime_track14_seekho_cookxcloudkitchen_aixicecream_talkingobject_animation_ai_5jun26_pc_expansion_exp_format_agency_pc_ext_shivam_ritaxedit_pti_hook3,utilisetime,utilisetime | (untagged),false,paused,TOO_YOUNG,₹0.0L
utilisetime_track14_seekho_nashakaaroxbindra_mahendra_panchayat_face_human_5jun26_pc_expansion_exp_format_agency_pc_ext_anshumali_raghavxedit_utilise_hook3_hook2,utilisetime,utilisetime | (untagged),false,live,TOO_YOUNG,₹0.0L
utilisetime_track14_seekho_realinterviewx1000rs_raghav_realinterview_face_human_5jun26_pc_new_new_script_agency_pc_ext_anshumali_raghavxedit_utilise_hook1,utilisetime,utilisetime | (untagged),false,paused,TOO_YOUNG,₹0.0L
utilisetime_track14_seekho_reelingxaicoachxvb_aixcoach_talkingobject_face_ai_6jun26_pc_new_new_script_agency_pc_ext_anshumali_sachinxedit_utilise_hook3,utilisetime,utilisetime | (untagged),false,live,TOO_YOUNG,₹0.0L
utilisetime_track14_seekho_daily3000xemotional_tushar_streetinterview_face_human_15may26_pc_expansion_exp_creator_agency_pc_ext_anshumali_raghavxedit_utilise_hook2,utilisetime,utilisetime | (untagged),false,live,TOO_YOUNG,₹0.0L
utilisetime_track14_seekho_rentxptixvb_aixfriends_restaurantxcartoonedit_face_ai_6jun26_pc_new_new_script_agency_pc_ext_anshumali_sachinxedit_utilise_hook2,utilisetime,utilisetime | (untagged),false,live,TOO_YOUNG,₹0.0L
utilisetime_track14_seekho_ladkiximpress_prachi_wb_face_human_5jun26_pc_new_new_script_agency_pc_ext_anshumali_bhaveshxedit_utilise_hook1,utilisetime,utilisetime | (untagged),false,paused,TOO_YOUNG,₹0.0L
utilisetime_track14_seekho_kaisemilegipasandkijob_sumit_cartoonedit_face_ai_08june26_livegen_new_expansion_performance_aniket_hook2_ext,utilisetime,utilisetime | (untagged),false,live,TOO_YOUNG,₹0.0L
utilisetime_track14_seekho_cookxcloudkitchen_aixicecream_talkingobject_animation_ai_5jun26_pc_expansion_exp_format_agency_pc_ext_shivam_ritaxedit_pti_hook2,utilisetime,utilisetime | (untagged),false,paused,TOO_YOUNG,₹0.0L
utilisetime_track14_seekho_gandivideoskenuksaan_aixcucumber_talkingobject_animation_ai_4jun26_pc_expansion_exp_format_agency_pc_ext_anshumali_pawanxedit_utilise_hook1,utilisetime,utilisetime | (untagged),false,live,TOO_YOUNG,₹0.0L
utilisetime_track14_seekho_kaisekareycontentgrowth_sumit_cartoonedit_face_ai_08june26_livegen_new_expansion_performance_aniket_hook1_ext,utilisetime,utilisetime | (untagged),false,live,TOO_YOUNG,₹0.0L
utilisetime_track14_seekho_kaisemilegipasandkijob_sumit_cartoonedit_face_ai_08june26_livegen_new_expansion_performance_aniket_hook3_ext,utilisetime,utilisetime | (untagged),false,live,TOO_YOUNG,₹0.0L
utilisetime_track14_seekho_kaisekareycontentgrowth_sumit_cartoonedit_face_ai_08june26_livegen_new_expansion_performance_aniket_hook2_ext,utilisetime,utilisetime | (untagged),false,live,TOO_YOUNG,₹0.0L
utilisetime_track14_seekho_guardkireelingxcoachxvb_aixcoachxguard_aiedit_face_ai_6jun26_pc_new_new_script_agency_pc_ext_anshumali_utkarshxedit_utilise_hook1,utilisetime,utilisetime | (untagged),false,live,TOO_YOUNG,₹0.0L
utilisetime_track14_seekho_ladkiximpress_prachi_wb_face_human_5jun26_pc_new_new_script_agency_pc_ext_anshumali_bhaveshxedit_utilise_hook3,utilisetime,utilisetime | (untagged),false,live,TOO_YOUNG,₹0.0L
utilisetime_track14_seekho_lunchtime2xvb_nikhilxashish_skit_face_human_6jun26_pc_new_new_script_agency_pc_ext_anshumali_nikhilxedit_utilise_hook1,utilisetime,utilisetime | (untagged),false,paused,TOO_YOUNG,₹0.0L
utilisetime_track14_seekho_nashakaaroxbindra_nikhil_ipadpov_faceless_human_1jun26_pc_expansion_exp_format_agency_pc_ext_anshumali_nikhilxedit_utilise_hook2_rework_8june,utilisetime,utilisetime | (untagged),false,live,TOO_YOUNG,₹0.0L
utilisetime_track14_seekho_onlinekamaixadalatxvb_aixlawyer_adalat_face_ai_6jun26_pc_new_new_script_agency_pc_ext_anshumali_bhaveshxedit_utilise_hook2,utilisetime,utilisetime | (untagged),false,live,TOO_YOUNG,₹0.0L
utilisetime_track14_seekho_reelingxaicoachxvb_aixcoach_talkingobject_face_ai_6jun26_pc_new_new_script_agency_pc_ext_anshumali_sachinxedit_utilise_hook2,utilisetime,utilisetime | (untagged),false,paused,TOO_YOUNG,₹0.0L
utilisetime_track14_seekho_directionlessxvb_aixcoachxladka_videocall_face_ai_6jun26_pc_new_new_script_agency_pc_ext_anshumali_bhaveshxedit_utilise_hook1,utilisetime,utilisetime | (untagged),false,paused,TOO_YOUNG,₹0.0L
utilisetime_track14_seekho_rentxptixvb_aixfriends_restaurantxcartoonedit_face_ai_6jun26_pc_new_new_script_agency_pc_ext_anshumali_sachinxedit_utilise_hook1,utilisetime,utilisetime | (untagged),false,live,TOO_YOUNG,₹0.0L
utilisetime_track14_seekho_booklovers_aixaaloo_talkingobject_face_human_5jun26_pc_expansion_exp_format_agency_pc_ext_anshumali_sachinxedit_utilise_hook1,utilisetime,utilisetime | (untagged),false,paused,TOO_YOUNG,₹0.0L
utilisetime_track14_seekho_gharkinaarixuti_aixfatlady_microdrama_face_ai_28may26_pc_new_new_script_agency_pc_ext_anshumali_utkarshxedit_utilise_hook3_rework_5june,utilisetime,utilisetime | (untagged),false,paused,TOO_YOUNG,₹0.0L
utilisetime_track14_seekho_constructionworkerxearthquake_aixsanjeev_cartoonedit94_animation_ai_6jun26_pc_expansion_exp_format_agency_pc_ext_shivam_ritaxedit_sharemarket_hook1,utilisetime,utilisetime | (untagged),false,paused,TOO_YOUNG,₹0.0L
utilisetime_track14_seekho_nashakaaroxbindra_aixpehelwan_akhaadatalkxscreen_face_ai_5jun26_pc_expansion_exp_format_agency_pc_ext_anshumali_utkarshxedit_utilise_hook2,utilisetime,utilisetime | (untagged),false,paused,TOO_YOUNG,₹0.0L
utilisetime_track14_seekho_ameersecretapp_mahendra_testimonialxchores_face_human_27may26_pc_expansion_exp_format_agency_pc_ext_anshumali_raghavxedit_utilise_hook1,utilisetime,utilisetime | (untagged),false,live,TOO_YOUNG,₹0.0L
videoediting_videoeditingxinstagramviewsbadhanaxmalepov_newscript_cartoonedit_track35_gtm_harini_draco_veo3_04june26,videoediting,videoediting | samaj-public-shame,true,paused,TOO_YOUNG,₹0.1L
youtube catalogue ads,youtube  catalogue adset,youtube  catalogue adset | (untagged),false,live,TOO_YOUNG,₹0.5L
